date,dap,stage,thermal_time,biomass,leaf_area_index,root_depth,fruit_number,fruit_biomass,leaf_biomass,stem_biomass,root_biomass,crown_number,runner_number,water_stress,daylength,photosynthesis,transpiration
2092-01-01,1,GERMINATION,0.0,0.0,0.0,5.2,0.0,0.0,0.0,0.0,0.0,1.0,0.0,0.004572654737657116,9.227730253605849,0.0,0.03429491053242837
2092-01-02,2,GERMINATION,1.6999999999999993,0.0,0.0,5.4,0.0,0.0,0.0,0.0,0.0,1.0,0.0,0.0,9.240118638274426,0.0,0.15058139873171586
2092-01-03,3,GERMINATION,1.6999999999999993,0.0,0.0,5.6000000000000005,0.0,0.0,0.0,0.0,0.0,1.0,0.0,0.0,9.253434767169711,0.0,0.04161593608515853
2092-01-04,4,GERMINATION,2.249999999999999,0.0,0.0,5.800000000000001,0.0,0.0,0.0,0.0,0.0,1.0,0.0,0.0,9.267669070540402,0.0,0.08187640199412162
2092-01-05,5,GERMINATION,2.249999999999999,0.0,0.0,6.000000000000001,0.0,0.0,0.0,0.0,0.0,1.0,0.0,0.0,9.282811411608899,0.0,0.004512599999999999
2092-01-06,6,GERMINATION,2.4499999999999993,0.0,0.0,6.200000000000001,0.0,0.0,0.0,0.0,0.0,1.0,0.0,0.0,9.298851111346337,0.0,0.038887178156816665
2092-01-07,7,GERMINATION,2.4499999999999993,0.0,0.0,6.400000000000001,0.0,0.0,0.0,0.0,0.0,1.0,0.0,0.011979966915084442,9.315776974179943,0.0,0.11141369231028533
2092-01-08,8,GERMINATION,2.4499999999999993,0.0,0.0,6.600000000000001,0.0,0.0,0.0,0.0,0.0,1.0,0.0,0.011708272702569508,9.333577314510116,0.0,0.11239941794466729
2092-01-09,9,GERMINATION,2.4499999999999993,0.0,0.0,6.800000000000002,0.0,0.0,0.0,0.0,0.0,1.0,0.0,0.008951042526947063,9.352239983913726,0.0,0.08861532101677594
2092-01-10,10,GERMINATION,2.4499999999999993,0.0,0.0,7.000000000000002,0.0,0.0,0.0,0.0,0.0,1.0,0.0,0.0,9.371752398910028,0.0,0.03595155595520171
2092-01-11,11,GERMINATION,2.4499999999999993,0.0,0.0,7.200000000000002,0.0,0.0,0.0,0.0,0.0,1.0,0.0,0.011037965016529193,9.392101569166298,0.0,0.11589863267355657
2092-01-12,12,GERMINATION,2.4499999999999993,0.0,0.0,7.400000000000002,0.0,0.0,0.0,0.0,0.0,1.0,0.0,0.007552046098758783,9.413274126021959,0.0,0.08156209786659488
2092-01-13,13,GERMINATION,2.4499999999999993,0.0,0.0,7.600000000000002,0.0,0.0,0.0,0.0,0.0,1.0,0.0,0.0,9.435256351212278,0.0,0.05936330766680974
2092-01-14,14,GERMINATION,2.4499999999999993,0.0,0.0,7.8000000000000025,0.0,0.0,0.0,0.0,0.0,1.0,0.0,0.0006729782214641843,9.458034205675713,0.0,0.007671951724691703
2092-01-15,15,GERMINATION,2.4499999999999993,0.0,0.0,8.000000000000002,0.0,0.0,0.0,0.0,0.0,1.0,0.0,0.0006197588419879316,9.481593358332772,0.0,0.007251178451258803
2092-01-16,16,GERMINATION,2.4499999999999993,0.0,0.0,8.200000000000001,0.0,0.0,0.0,0.0,0.0,1.0,0.0,0.0,9.505919214728447,0.0,0.03318386003442035
2092-01-17,17,GERMINATION,2.4499999999999993,0.0,0.0,8.4,0.0,0.0,0.0,0.0,0.0,1.0,0.0,0.0015329306493345493,9.53099694543515,0.0,0.01885504698681496
2092-01-18,18,GERMINATION,2.4499999999999993,0.0,0.0,8.6,0.0,0.0,0.0,0.0,0.0,1.0,0.0,0.0007252629122164835,9.556811514118186,0.0,0.009138312693927694
2092-01-19,19,GERMINATION,2.4499999999999993,0.0,0.0,8.799999999999999,0.0,0.0,0.0,0.0,0.0,1.0,0.0,0.0010495219059509188,9.58334770517159,0.0,0.013538832586766851
2092-01-20,20,GERMINATION,2.4499999999999993,0.0,0.0,8.999999999999998,0.0,0.0,0.0,0.0,0.0,1.0,0.0,0.0005721118062974741,9.610590150837949,0.0,0.007551875843126658
2092-01-21,21,GERMINATION,2.4499999999999993,0.0,0.0,9.199999999999998,0.0,0.0,0.0,0.0,0.0,1.0,0.0,0.01197782788452272,9.638523357731993,0.0,0.1617006764410567
2092-01-22,22,GERMINATION,2.549999999999999,0.0,0.0,9.399999999999997,0.0,0.0,0.0,0.0,0.0,1.0,0.0,0.0,9.667131732694196,0.0,0.04327131881743379
2092-01-23,23,GERMINATION,6.149999999999999,0.0,0.0,9.599999999999996,0.0,0.0,0.0,0.0,0.0,1.0,0.0,0.0,9.696399607906951,0.0,0.042324473563554225
2092-01-24,24,GERMINATION,10.249999999999998,0.0,0.0,9.799999999999995,0.0,0.0,0.0,0.0,0.0,1.0,0.0,0.005202910852383236,9.726311265212454,0.0,0.07492191627431856
2092-01-25,25,GERMINATION,13.7,0.0,0.0,9.999999999999995,0.0,0.0,0.0,0.0,0.0,1.0,0.0,0.013615372033208594,9.756850959577987,0.0,0.20014596888816624
2092-01-26,26,GERMINATION,13.7,0.0,0.0,10.199999999999994,0.0,0.0,0.0,0.0,0.0,1.0,0.0,0.000805087641657727,9.788002941660615,0.0,0.012076314624865898
2092-01-27,27,GERMINATION,13.8,0.0,0.0,10.399999999999993,0.0,0.0,0.0,0.0,0.0,1.0,0.0,0.0018826273213169045,9.819751479429835,0.0,0.02880419801614862
2092-01-28,28,GERMINATION,19.1,0.0,0.0,10.599999999999993,0.0,0.0,0.0,0.0,0.0,1.0,0.0,0.0,9.852080878812762,0.0,0.2002522347028567
2092-01-29,29,GERMINATION,23.6,0.0,0.0,10.799999999999992,0.0,0.0,0.0,0.0,0.0,1.0,0.0,0.004872383719732836,9.884975503332614,0.0,0.07747090114375205
2092-01-30,30,GERMINATION,27.700000000000003,0.0,0.0,10.999999999999991,0.0,0.0,0.0,0.0,0.0,1.0,0.0,0.006759337175745743,9.918419792716955,0.0,0.10950126224708097
2092-01-31,31,GERMINATION,31.150000000000002,0.0,0.0,11.19999999999999,0.0,0.0,0.0,0.0,0.0,1.0,0.0,0.004411659704041842,9.952398280457828,0.0,0.07279238511669035
2092-02-01,32,GERMINATION,34.25,0.0,0.0,11.39999999999999,0.0,0.0,0.0,0.0,0.0,1.0,0.0,0.0,9.986895610311146,0.0,0.08832354231079899
2092-02-02,33,GERMINATION,37.6,0.0,0.0,11.599999999999989,0.0,0.0,0.0,0.0,0.0,1.0,0.0,0.016388701875266216,10.021896551727782,0.0,0.280246802067052
2092-02-03,34,GERMINATION,38.25,0.0,0.0,11.799999999999988,0.0,0.0,0.0,0.0,0.0,1.0,0.0,0.014152032222959543,10.05738601421348,0.0,0.24624536067949584
2092-02-04,35,GERMINATION,38.25,0.0,0.0,11.999999999999988,0.0,0.0,0.0,0.0,0.0,1.0,0.0,0.004861384946948055,10.093349060619158,0.0,0.08604651356098049
2092-02-05,36,GERMINATION,38.25,0.0,0.0,12.199999999999987,0.0,0.0,0.0,0.0,0.0,1.0,0.0,0.0,10.129770919367237,0.0,0.027018039348249572
2092-02-06,37,GERMINATION,38.25,0.0,0.0,12.399999999999986,0.0,0.0,0.0,0.0,0.0,1.0,0.0,0.0022465194246124955,10.166636995623403,0.0,0.04111130547040862
2092-02-07,38,GERMINATION,38.25,0.0,0.0,12.599999999999985,0.0,0.0,0.0,0.0,0.0,1.0,0.0,0.0,10.203932881426661,0.0,0.02073410587967775
2092-02-08,39,GERMINATION,39.25,0.0,0.0,12.799999999999985,0.0,0.0,0.0,0.0,0.0,1.0,0.0,0.0,10.241644364793641,0.0,0.09919085259934003
2092-02-09,40,GERMINATION,40.25,0.0,0.0,12.999999999999984,0.0,0.0,0.0,0.0,0.0,1.0,0.0,0.0,10.279757437815963,0.0,0.026905859681489456
2092-02-10,41,GERMINATION,41.3,0.0,0.0,13.199999999999983,0.0,0.0,0.0,0.0,0.0,1.0,0.0,0.003613520215328851,10.318258303771893,0.0,0.0704636441989125
2092-02-11,42,GERMINATION,42.0,0.0,0.0,13.399999999999983,0.0,0.0,0.0,0.0,0.0,1.0,0.0,0.0,10.357133383275805,0.0,0.08753401977945488
2092-02-12,43,GERMINATION,44.6,0.0,0.0,13.599999999999982,0.0,0.0,0.0,0.0,0.0,1.0,0.0,0.003452749804564545,10.396369319490782,0.0,0.06940027107174726
2092-02-13,44,GERMINATION,46.050000000000004,0.0,0.0,13.799999999999981,0.0,0.0,0.0,0.0,0.0,1.0,0.0,0.0,10.435952982431393,0.0,0.11439804276413147
2092-02-14,45,EMERGENCE,50.85,0.0,0.0,13.99999999999998,0.0,0.0,0.0,0.0,0.0,1.0,0.0,0.010375534501894362,10.475871472384966,0.0,0.21477356418921298
2092-02-15,46,EMERGENCE,52.55,0.0,0.0,14.19999999999998,0.0,0.0,0.0,0.0,0.0,1.0,0.0,0.009091223903020272,10.5161121224809,0.0,0.19091570196342542
2092-02-16,47,EMERGENCE,53.099999999999994,0.0,0.0,14.399999999999979,0.0,0.0,0.0,0.0,0.0,1.0,0.0,0.0016104313679414718,10.5566625004383,0.0,0.2443021881371533
2092-02-17,48,EMERGENCE,55.3,0.0,0.0,14.599999999999978,0.0,0.0,0.0,0.0,0.0,1.0,0.0,0.012073576106522889,10.59751040952304,0.0,0.26078924390089403
2092-02-18,49,EMERGENCE,58.099999999999994,0.0,0.0,14.799999999999978,0.0,0.0,0.0,0.0,0.0,1.0,0.0,0.0049913448131614,10.638643888745634,0.0,0.10931045140823452
2092-02-19,50,EMERGENCE,60.55,0.0,0.0,14.999999999999977,0.0,0.0,0.0,0.0,0.0,1.0,0.0,0.0,10.68005121233176,0.0,0.12051466240864114
2092-02-20,51,EMERGENCE,63.65,0.0,0.0,15.199999999999976,0.0,0.0,0.0,0.0,0.0,1.0,0.0,0.0,10.721720888497197,0.0,0.09347474592423345
2092-02-21,52,EMERGENCE,68.55,0.0,0.0,15.399999999999975,0.0,0.0,0.0,0.0,0.0,1.0,0.0,0.0,10.763641657559026,0.0,0.14664522843052208
2092-02-22,53,EMERGENCE,73.5,0.0,0.0,15.599999999999975,0.0,0.0,0.0,0.0,0.0,1.0,0.0,0.016300790815715588,10.805802489414615,0.0,0.37654826784302947
2092-02-23,54,EMERGENCE,76.5,0.0,0.0,15.799999999999974,0.0,0.0,0.0,0.0,0.0,1.0,0.0,0.0,10.848192580419747,0.0,0.23003263869536428
2092-02-24,55,EMERGENCE,81.8,0.0,0.0,15.999999999999973,0.0,0.0,0.0,0.0,0.0,1.0,0.0,0.0,10.890801349696591,0.0,0.1396991765359231
2092-02-25,56,EMERGENCE,87.55,0.0,0.0,16.199999999999974,0.0,0.0,0.0,0.0,0.0,1.0,0.0,0.003681940677334468,10.933618434901932,0.0,0.08836657625602708
2092-02-26,57,EMERGENCE,93.14999999999999,0.0,0.0,16.399999999999974,0.0,0.0,0.0,0.0,0.0,1.0,0.0,0.0018192306982165137,10.976633687485258,0.0,0.04420730596666121
2092-02-27,58,EMERGENCE,98.3,0.0,0.0,16.599999999999973,0.0,0.0,0.0,0.0,0.0,1.0,0.0,0.001930914354680396,11.019837167465717,0.0,0.04750049312513766
2092-02-28,59,JUVENILE,102.75,0.0,0.0,16.799999999999972,0.0,0.0,0.0,0.0,0.0,1.0,0.0,0.001782710218588148,11.063219137756217,0.0,0.044389484442844816
2092-02-29,60,JUVENILE,106.25,0.0,0.0,16.99999999999997,0.0,0.0,0.0,0.0,0.0,1.0,0.0,0.0012329959713259923,11.106770058062036,0.0,0.031071498477414954
2092-03-01,61,JUVENILE,109.2,0.0,0.0,17.19999999999997,0.0,0.0,0.0,0.0,0.0,1.0,0.0,0.0014288061603135696,11.150480578380705,0.0,0.036434557087995964
2092-03-02,62,JUVENILE,111.7,0.0,0.0,17.39999999999997,0.0,0.0,0.0,0.0,0.0,1.0,0.0,0.0015316450931532682,11.194341532128758,0.0,0.03951644340335425
2092-03-03,63,JUVENILE,116.35,0.0,0.0,17.59999999999997,0.0,0.0,0.0,0.0,0.0,1.0,0.0,0.0,11.238343928920399,0.0,0.19819740503216488
2092-03-04,64,JUVENILE,121.35,0.0,0.0,17.79999999999997,0.0,0.0,0.0,0.0,0.0,1.0,0.0,0.004873156531704359,11.282478947021998,0.0,0.33865133243699486
2092-03-05,65,JUVENILE,126.05,0.0,0.0,17.999999999999968,0.0,0.0,0.0,0.0,0.0,1.0,0.0,0.0,11.326737925505608,0.0,0.257552517052348
2092-03-06,66,JUVENILE,130.95,0.0,0.0,18.199999999999967,0.0,0.0,0.0,0.0,0.0,1.0,0.0,0.010122110854603857,11.371112356123712,0.0,0.27329699307430366
2092-03-07,67,JUVENILE,138.39999999999998,0.0,0.0,18.399999999999967,0.0,0.0,0.0,0.0,0.0,1.0,0.0,0.012807471574241365,11.415593874926694,0.0,0.34964397397678865
2092-03-08,68,JUVENILE,143.74999999999997,0.0,0.0,18.599999999999966,0.0,0.0,0.0,0.0,0.0,1.0,0.0,0.020017513021814596,11.46017425364351,0.0,0.5524833594020818
2092-03-09,69,JUVENILE,148.19999999999996,0.0,0.0,18.799999999999965,0.0,0.0,0.0,0.0,0.0,1.0,0.0,0.015829769670280325,11.504845390845395,0.0,0.44165057380082023
2092-03-10,70,JUVENILE,153.09999999999997,0.0,0.0,18.999999999999964,0.0,0.0,0.0,0.0,0.0,1.0,0.0,0.01683325005460388,11.549599302911561,0.0,0.47469765153982857
2092-03-11,71,JUVENILE,159.14999999999998,0.0,0.0,19.199999999999964,0.0,0.0,0.0,0.0,0.0,1.0,0.0,0.018893285020011395,11.594428114815162,0.0,0.5384586230703238
2092-03-12,72,JUVENILE,165.49999999999997,0.0,0.0,19.399999999999963,0.0,0.0,0.0,0.0,0.0,1.0,0.0,0.019656049781857417,11.639324050747058,0.0,0.5660942337174926
2092-03-13,73,JUVENILE,171.99999999999997,0.0,0.0,19.599999999999962,0.0,0.0,0.0,0.0,0.0,1.0,0.0,0.010291085726848635,11.684279424594303,0.0,0.29947059465129466
2092-03-14,74,JUVENILE,180.89999999999998,0.0,0.0,19.79999999999996,0.0,0.0,0.0,0.0,0.0,1.0,0.0,0.018952568625392435,11.729286630289657,0.0,0.5572055175865365
2092-03-15,75,JUVENILE,191.99999999999997,0.0,0.0,19.99999999999996,0.0,0.0,0.0,0.0,0.0,1.0,0.0,0.019919177053068334,11.774338132047871,0.0,0.5915995584761283
2092-03-16,76,JUVENILE,199.39999999999998,0.0,0.0,20.19999999999996,0.0,0.0,0.0,0.0,0.0,1.0,0.0,0.0,11.819426454504017,0.0,0.5225404289780533
2092-03-17,77,VEGETATIVE,206.74999999999997,0.0,0.0,20.29999999999996,0.0,0.0,0.0,0.0,0.0,1.02,0.1,0.010862531503118895,11.864544172768664,0.0,0.3291347045445019
2092-03-18,78,VEGETATIVE,211.19999999999996,0.0,0.0,20.399999999999963,0.0,0.0,0.0,0.0,0.0,1.0404,0.202,0.023015054637504185,11.909683902414383,0.0,0.7008084137120011
2092-03-19,79,VEGETATIVE,215.44999999999996,0.0,0.0,20.499999999999964,0.0,0.0,0.0,0.0,0.0,1.061208,0.30604000000000003,0.017365016754958832,11.95483828940763,0.0,0.5313695127017393
2092-03-20,80,VEGETATIVE,221.04999999999995,0.0,0.0,20.599999999999966,0.0,0.0,0.0,0.0,0.0,1.08243216,0.41216080000000005,0.023488167963721027,12.0,0.0,0.7222611648844204
2092-03-21,81,VEGETATIVE,226.59999999999997,0.0,0.0,20.699999999999967,0.0,0.0,0.0,0.0,0.0,1.1040808032,0.5204040160000001,0.023249218476652792,12.04516171059237,0.0,0.7184008509285701
2092-03-22,82,VEGETATIVE,230.94999999999996,0.0,0.0,20.79999999999997,0.0,0.0,0.0,0.0,0.0,1.126162419264,0.6308120963200001,0.022101176660480757,12.090316097585621,0.0,0.6862415353079264
2092-03-23,83,VEGETATIVE,236.84999999999997,0.0,0.0,20.89999999999997,0.0,0.0,0.0,0.0,0.0,1.14868566764928,0.7434283382464002,0.02296505246215349,12.135455827231336,0.0,0.7165096368191878
2092-03-24,84,VEGETATIVE,245.29999999999995,0.0,0.0,20.99999999999997,0.0,0.0,0.0,0.0,0.0,1.1716593810022657,0.8582969050113283,0.024327224445874627,12.180573545495985,0.0,0.7626584863781686
2092-03-25,85,VEGETATIVE,252.79999999999995,0.0,0.0,21.099999999999973,0.0,0.0,0.0,0.0,0.0,1.195092568622311,0.9754628431115548,0.02654481051090935,12.225661867952132,0.0,0.8361615310936434
2092-03-26,86,VEGETATIVE,262.54999999999995,0.0,0.0,21.199999999999974,0.0,0.0,0.0,0.0,0.0,1.2189944199947573,1.094972099973786,0.0,12.270713369710343,0.0,0.43392462361784456
2092-03-27,87,VEGETATIVE,268.84999999999997,0.0,0.0,21.299999999999976,0.0,0.0,0.0,0.0,0.0,1.2433743083946525,1.2168715419732616,0.01902507996653826,12.315720575405697,0.0,0.6049975429359159
2092-03-28,88,VEGETATIVE,272.34999999999997,0.0,0.0,21.399999999999977,0.0,0.0,0.0,0.0,0.0,1.2682417945625455,1.3412089728127268,0.013409449510568036,12.360675949252942,0.0,0.42843191186264823
2092-03-29,89,VEGETATIVE,279.7,0.0,0.0,21.49999999999998,0.0,0.0,0.0,0.0,0.0,1.2936066304537963,1.4680331522689813,0.022342112451425204,12.40557188518484,0.0,0.7171818096907483
2092-03-30,90,VEGETATIVE,288.3,0.0,0.0,21.59999999999998,0.0,0.0,0.0,0.0,0.0,1.3194787630628722,1.597393815314361,0.026659229676498454,12.450400697088439,0.0,0.8597601570670742
2092-03-31,91,VEGETATIVE,297.90000000000003,0.0,0.0,21.69999999999998,0.0,0.0,0.0,0.0,0.0,1.3458683383241297,1.729341691620648,0.03093432295626802,12.495154609154609,0.0,1.0022720637830829
2092-04-01,92,VEGETATIVE,309.25000000000006,0.0,0.0,21.799999999999983,0.0,0.0,0.0,0.0,0.0,1.3727857050906123,1.863928525453061,0.03452971446429806,12.53982574635649,0.0,1.1239422058129007
2092-04-02,93,VEGETATIVE,321.80000000000007,0.0,0.0,21.899999999999984,0.0,0.0,0.0,0.0,0.0,1.4002414191924246,2.001207095962122,0.035881558165285134,12.584406125073306,0.0,1.173326952004823
2092-04-03,94,VEGETATIVE,333.55000000000007,0.0,0.0,21.999999999999986,0.0,0.0,0.0,0.0,0.0,1.4282462475762732,2.1412312378813647,0.01975307068902738,12.628887643876288,0.0,0.648888372134549
2092-04-04,95,VEGETATIVE,340.25000000000006,0.0,0.0,22.099999999999987,0.0,0.0,0.0,0.0,0.0,1.4568111725277986,2.284055862638992,0.022408218276652243,12.673262074494392,0.0,0.7394712031295235
2092-04-05,96,VEGETATIVE,344.1000000000001,0.0,0.0,22.19999999999999,0.0,0.0,0.0,0.0,0.0,1.4859473959783545,2.429736979891772,0.017875552034287964,12.717521052978002,0.0,0.5925745499366456
2092-04-06,97,VEGETATIVE,348.30000000000007,0.0,0.0,22.29999999999999,0.0,0.0,0.0,0.0,0.0,1.5156663438979217,2.5783317194896074,0.01917233340529733,12.761656071079605,0.0,0.6384387023964008
2092-04-07,98,VEGETATIVE,350.80000000000007,0.0,0.0,22.39999999999999,0.0,0.0,0.0,0.0,0.0,1.5459796707758802,2.7298983538793995,0.010663086445161674,12.805658467871243,0.0,0.3566802415906578
2092-04-08,99,VEGETATIVE,354.6500000000001,0.0,0.0,22.499999999999993,0.0,0.0,0.0,0.0,0.0,1.5768992641913977,2.8844963209569876,0.012077573765937159,12.849519421619297,0.0,0.40580647853548835
2092-04-09,100,VEGETATIVE,361.6500000000001,0.0,0.0,22.599999999999994,0.0,0.0,0.0,0.0,0.0,1.6084372494752257,3.042186247376127,0.0,12.893229941937964,0.0,0.1786823232622634
2092-04-10,101,VEGETATIVE,370.6000000000001,0.0,0.0,22.699999999999996,0.0,0.0,0.0,0.0,0.0,1.6406059944647302,3.20302997232365,0.021067505163090437,12.936780862243785,0.0,0.7141884250287657
2092-04-11,102,VEGETATIVE,378.6000000000001,0.0,0.0,22.799999999999997,0.0,0.0,0.0,0.0,0.0,1.6734181143540248,3.367090571770123,0.004644723470299686,12.980162832534283,0.0,0.36815283416370426
2092-04-12,103,VEGETATIVE,386.50000000000006,0.0,0.0,22.9,0.0,0.0,0.0,0.0,0.0,1.7068864766411052,3.5344323832055253,0.0,13.023366312514744,0.0,0.19959803275667823
2092-04-13,104,VEGETATIVE,397.75000000000006,0.0,0.0,23.0,0.0,0.0,0.0,0.0,0.0,1.7410242061739272,3.705121030869636,0.0,13.06638156509807,0.0,0.6051565202290183
2092-04-14,105,FLORAL_INDUCTION,409.15000000000003,0.0,0.0,23.1,0.0,0.0,0.0,0.0,0.0,1.7758446902974057,3.8792234514870287,0.02440578947446691,13.10919865030341,0.0,0.8419997368691085
2092-04-15,106,FLORAL_INDUCTION,420.3,0.0,0.0,23.200000000000003,0.0,0.0,0.0,0.0,0.0,1.8113615841033537,4.0568079205167695,0.025771284384442747,13.151807419580253,0.0,0.8929750039209411
2092-04-16,107,FLORAL_INDUCTION,434.1,0.0,0.0,23.300000000000004,0.0,0.0,0.0,0.0,0.0,1.8475888157854208,4.237944078927105,0.0,13.194197510585385,0.0,0.3728553045330052
2092-04-17,108,FLORAL_INDUCTION,443.65000000000003,0.0,0.0,23.400000000000006,0.0,0.0,0.0,0.0,0.0,1.8845405921011291,4.422702960505647,0.011695510367445452,13.236358342440976,0.0,0.4087580873422186
2092-04-18,109,FLORAL_INDUCTION,452.20000000000005,0.0,0.0,23.500000000000007,0.0,0.0,0.0,0.0,0.0,1.9222314039431516,4.61115701971576,0.022403208771486743,13.278279111502803,0.0,0.7863526278791849
2092-04-19,110,FLORAL_INDUCTION,460.95000000000005,0.0,0.0,23.60000000000001,0.0,0.0,0.0,0.0,0.0,1.9606760320220147,4.803380160110075,0.02829304148365813,13.319948787668242,0.0,0.9973297122989493
2092-04-20,111,FLORAL_INDUCTION,470.30000000000007,0.0,0.0,23.70000000000001,0.0,0.0,0.0,0.0,0.0,1.999889552662455,4.9994477633122765,0.019517391339766845,13.361356111254366,0.0,0.6909156534277465
2092-04-21,112,FLORAL_INDUCTION,477.8500000000001,0.0,0.0,23.80000000000001,0.0,0.0,0.0,0.0,0.0,2.039887343715704,5.1994367185785215,0.006496350223823254,13.402489590476963,0.0,0.23094525045691675
2092-04-22,113,FLORAL_INDUCTION,483.1000000000001,0.0,0.0,23.900000000000013,0.0,0.0,0.0,0.0,0.0,2.080685090590018,5.403425452950092,0.008050527938085594,13.443337499561702,0.0,0.4974038473896558
2092-04-23,114,FLORAL_INDUCTION,487.75000000000006,0.0,0.0,24.000000000000014,0.0,0.0,0.0,0.0,0.0,2.1222987924018186,5.611493962009094,0.02679749216497895,13.4838878775191,0.0,0.960690094114496
2092-04-24,115,FLORAL_INDUCTION,496.3500000000001,0.0,0.0,24.100000000000016,0.0,0.0,0.0,0.0,0.0,2.164744768249855,5.823723841249276,0.020494764743069806,13.524128527615034,0.0,0.7378115307505134
2092-04-25,116,FLORAL_INDUCTION,509.30000000000007,0.0,0.0,24.200000000000017,0.0,0.0,0.0,0.0,0.0,2.2080396636148523,6.040198318074261,0.03541293867377071,13.564047017568607,0.0,1.2801777330568123
2092-04-26,117,FLORAL_INDUCTION,523.0500000000001,0.0,0.0,24.30000000000002,0.0,0.0,0.0,0.0,0.0,2.252200456887149,6.2610022844357465,0.027569030369322463,13.60363068050922,0.0,1.000755802406406
2092-04-27,118,FLORAL_INDUCTION,538.6,0.0,0.0,24.40000000000002,0.0,0.0,0.0,0.0,0.0,2.297244466024892,6.486222330124462,0.030144936792821587,13.642866616724195,0.0,1.0987829460983478
2092-04-28,119,FLORAL_INDUCTION,555.35,0.0,0.0,24.50000000000002,0.0,0.0,0.0,0.0,0.0,2.3431893553453897,6.715946776726951,0.03155448394404563,13.681741696228109,0.0,1.1548941123520708
2092-04-29,120,FLORAL_INDUCTION,567.85,0.0,0.0,24.600000000000023,0.0,0.0,0.0,0.0,0.0,2.3900531424522975,6.95026571226149,0.0,13.720242562184037,0.0,0.20670452137378248
2092-04-30,121,FLORAL_INDUCTION,575.45,0.0,0.0,24.700000000000024,0.0,0.0,0.0,0.0,0.0,2.4378542053013437,7.189271026506719,0.0,13.758355635206359,0.0,0.6854350923287543
2092-05-01,122,FLORAL_INDUCTION,582.4000000000001,0.0,0.0,24.800000000000026,0.0,0.0,0.0,0.0,0.0,2.4866112894073704,7.433056447036853,0.02702752511723359,13.79606711857334,0.0,1.0013698055935056
2092-05-02,123,FLORAL_INDUCTION,593.95,0.0,0.0,24.900000000000027,0.0,0.0,0.0,0.0,0.0,2.536343515195518,7.681717575977591,0.037025559912376715,13.833363004376599,0.0,1.3773508287404153
2092-05-03,124,FLOWERING,608.4000000000001,0.0,0.0,24.950000000000028,2.5870703854994286,0.0,0.0,0.0,0.0,2.587070385499428,7.681717575977591,0.043663918828173144,13.870229080632765,0.0,1.6308473682322688
2092-05-04,125,FLOWERING,624.6000000000001,0.0,0.0,25.00000000000003,5.225882178708845,0.0,0.0,0.0,0.0,2.638811793209417,7.681717575977591,0.04322456195751213,13.906650939380842,0.0,1.617679231259893
2092-05-05,126,FLOWERING,641.4000000000001,0.0,0.0,25.05000000000003,7.917470207782451,0.0,0.0,0.0,0.0,2.691588029073605,7.681717575977591,0.035369666761902036,13.94261398578652,0.0,1.3263625035713278
2092-05-06,127,FLOWERING,658.4307692307693,0.0,0.0,25.10000000000003,10.662889997437528,0.0,0.0,0.0,0.0,2.7454197896550774,7.681717575977591,0.04947384332233841,13.978103448272218,0.0,1.8589796628368676
2092-05-07,128,FLOWERING,674.0076923076924,0.0,0.0,25.15000000000003,13.463218182885708,0.0,0.0,0.0,0.0,2.800328185448179,7.681717575977591,0.045161417133237715,14.013104389688856,0.0,1.7003273550664018
2092-05-08,129,FLOWERING,684.2576923076924,0.0,0.0,25.20000000000003,16.31955293204285,0.0,0.0,0.0,0.0,2.8563347491571425,7.681717575977591,0.01263176888221808,14.047601719542172,0.0,0.4765334810816776
2092-05-09,130,FLOWERING,694.4076923076924,0.0,0.0,25.250000000000032,19.233014376183135,0.0,0.0,0.0,0.0,2.9134614441402853,7.681717575977591,0.02600630910337144,14.081580207283046,0.0,0.9830384841074418
2092-05-10,131,FRUIT_SET,705.7576923076924,0.0,0.0,25.27500000000003,25.059937264463706,0.0,0.0,0.0,0.0,2.9134614441402853,7.681717575977591,0.028610318084449155,14.115024496667386,0.0,1.0836157974485132
2092-05-11,132,FRUIT_SET,712.3076923076924,0.0,0.0,25.30000000000003,30.886860152744276,0.0,0.0,0.0,0.0,2.9134614441402853,7.681717575977591,0.01940815165118151,14.147919121187238,0.0,0.7358115494754198
2092-05-12,133,FRUIT_SET,719.9076923076924,0.0,0.0,25.325000000000028,36.71378304102485,0.0,0.0,0.0,0.0,2.9134614441402853,7.681717575977591,0.029077191954298223,14.180248520570167,0.0,1.103479434665619
2092-05-13,134,FRUIT_SET,733.9076923076924,0.0,0.0,25.350000000000026,42.54070592930542,0.0,0.0,0.0,0.0,2.9134614441402853,7.681717575977591,0.03531522059756205,14.211997058339385,0.0,1.3415369424498897
2092-05-14,135,FRUIT_SET,748.2576923076924,0.0,0.0,25.375000000000025,48.36762881758599,0.0,0.0,0.0,0.0,2.9134614441402853,7.681717575977591,0.044440176725282395,14.243149040422013,0.0,1.6898377199788648
2092-05-15,136,FRUIT_SET,763.2576923076924,0.0,0.0,25.400000000000023,54.19455170586656,0.0,0.0,0.0,0.0,2.9134614441402853,7.681717575977591,0.040989693604982086,14.273688734787546,0.0,1.5601702128396322
2092-05-16,137,FRUIT_SET,777.1076923076924,0.0,0.0,25.425000000000022,60.02147459414713,0.0,0.0,0.0,0.0,2.9134614441402853,7.681717575977591,0.04248173130998138,14.303600392093049,0.0,1.6185539629102923
2092-05-17,138,FRUIT_SET,791.3576923076924,0.0,0.0,25.45000000000002,65.8483974824277,0.0,0.0,0.0,0.0,2.9134614441402853,7.681717575977591,0.03327711179503343,14.332868267305804,0.0,1.2691058510830886
2092-05-18,139,FRUIT_DEVELOPMENT,808.3192307692309,0.0,0.0,25.47500000000002,65.8483974824277,0.0,0.0,0.0,0.0,2.9134614441402853,7.681717575977591,0.030699944463270585,14.361476642268007,0.0,1.1719703798853556
2092-05-19,140,FRUIT_DEVELOPMENT,823.019230769231,0.0,0.0,25.500000000000018,65.8483974824277,0.0,0.0,0.0,0.0,2.9134614441402853,7.681717575977591,0.031367929235598294,14.389409849162051,0.0,1.1986469959153006
2092-05-20,141,FRUIT_DEVELOPMENT,831.8192307692309,0.0,0.0,25.525000000000016,65.8483974824277,0.0,0.0,0.0,0.0,2.9134614441402853,7.681717575977591,0.03270337964186574,14.416652294828411,0.0,1.2509042713013654
2092-05-21,142,FRUIT_DEVELOPMENT,839.9192307692309,0.0,0.0,25.550000000000015,65.8483974824277,0.0,0.0,0.0,0.0,2.9134614441402853,7.681717575977591,0.03642209618410316,14.443188485881814,0.0,1.3945110076488505
2092-05-22,143,FRUIT_DEVELOPMENT,851.0692307692309,0.0,0.0,25.575000000000014,65.8483974824277,0.0,0.0,0.0,0.0,2.9134614441402853,7.681717575977591,0.03581114477343411,14.46900305456485,0.0,1.3724621234418632
2092-05-23,144,FRUIT_DEVELOPMENT,867.3692307692309,0.0,0.0,25.600000000000012,65.8483974824277,0.0,0.0,0.0,0.0,2.9134614441402853,7.681717575977591,0.0494367167447845,14.494080785271553,0.0,1.8965160461217963
2092-05-24,145,FRUIT_DEVELOPMENT,884.4000000000001,0.0,0.0,25.62500000000001,65.8483974824277,0.0,0.0,0.0,0.0,2.9134614441402853,7.681717575977591,0.05305884328721721,14.518406641667232,0.0,2.037459582229142
2092-05-25,146,FRUIT_DEVELOPMENT,900.6692307692308,0.0,0.0,25.65000000000001,65.8483974824277,0.0,0.0,0.0,0.0,2.9134614441402853,7.681717575977591,0.03967380770531555,14.541965794324287,0.0,1.734961983673067
2092-05-26,147,FRUIT_DEVELOPMENT,916.8192307692308,0.0,0.0,25.675000000000008,65.8483974824277,0.0,0.0,0.0,0.0,2.9134614441402853,7.681717575977591,0.03461565434310596,14.564743648787722,0.0,1.3318373008510025
2092-05-27,148,FRUIT_DEVELOPMENT,929.7192307692308,0.0,0.0,25.700000000000006,65.8483974824277,0.0,0.0,0.0,0.0,2.9134614441402853,7.681717575977591,0.036458740006988635,14.586725873978041,0.0,1.4041172245191502
2092-05-28,149,FRUIT_DEVELOPMENT,944.2192307692308,0.0,0.0,25.725000000000005,65.8483974824277,0.0,0.0,0.0,0.0,2.9134614441402853,7.681717575977591,0.02991326517260399,14.607898430833703,0.0,1.1531563724038842
2092-05-29,150,FRUIT_DEVELOPMENT,961.4692307692308,0.0,0.0,25.750000000000004,65.8483974824277,0.0,0.0,0.0,0.0,2.9134614441402853,7.681717575977591,0.03823723854272589,14.628247601089972,0.0,1.4754794422674355
2092-05-30,151,FRUIT_DEVELOPMENT,979.2192307692308,0.0,0.0,25.775000000000002,65.8483974824277,0.0,0.0,0.0,0.0,2.9134614441402853,7.681717575977591,0.04542473067606801,14.647760016086274,0.0,1.7545302223631272
2092-05-31,152,FRUIT_DEVELOPMENT,996.1115384615384,0.0,0.0,25.8,65.8483974824277,0.0,0.0,0.0,0.0,2.9134614441402853,7.681717575977591,0.04938234310207643,14.666422685489884,0.0,1.9092448401840305
2092-06-01,153,FRUIT_MATURITY,1012.0346153846153,0.0,0.0,25.8,65.8483974824277,0.0,0.0,0.0,0.0,2.9134614441402853,7.681717575977591,0.03833777838887925,14.684223025820057,0.0,1.4836720236496272
2092-06-02,154,FRUIT_MATURITY,1029.3346153846153,0.0,0.0,25.8,65.8483974824277,0.0,0.0,0.0,0.0,2.9134614441402853,7.681717575977591,0.03708741085271317,14.701148888653663,0.0,1.4352828
2092-06-03,155,FRUIT_MATURITY,1043.8346153846153,0.0,0.0,25.8,65.8483974824277,0.0,0.0,0.0,0.0,2.9134614441402853,7.681717575977591,0.039561210589096625,14.717188588391101,0.0,1.5310188497980395
2092-06-04,156,FRUIT_MATURITY,1058.9346153846152,0.0,0.0,25.8,65.8483974824277,0.0,0.0,0.0,0.0,2.9134614441402853,7.681717575977591,0.04454107975687836,14.732330929459598,0.0,1.7237397865911928
2092-06-05,157,FRUIT_MATURITY,1074.1846153846152,0.0,0.0,25.8,65.8483974824277,0.0,0.0,0.0,0.0,2.9134614441402853,7.681717575977591,0.04096390348023431,14.746565232830292,0.0,1.5853030646850679
2092-06-06,158,FRUIT_MATURITY,1090.6346153846152,0.0,0.0,25.8,65.8483974824277,0.0,0.0,0.0,0.0,2.9134614441402853,7.681717575977591,0.04712843700456558,14.759881361725574,0.0,1.823870512076688
2092-06-07,159,FRUIT_MATURITY,1108.1846153846152,0.0,0.0,25.8,65.8483974824277,0.0,0.0,0.0,0.0,2.9134614441402853,7.681717575977591,0.04156776117574505,14.77226974639415,0.0,1.6086723575013335
2092-06-08,160,FRUIT_MATURITY,1124.453846153846,0.0,0.0,25.8,65.8483974824277,0.0,0.0,0.0,0.0,2.9134614441402853,7.681717575977591,0.04665123017922111,14.783721407833072,0.0,1.8054026079358572
2092-06-09,161,FRUIT_MATURITY,1142.0384615384612,0.0,0.0,25.8,65.8483974824277,0.0,0.0,0.0,0.0,2.9134614441402853,7.681717575977591,0.033745254107415724,14.794227980338988,0.0,1.3059413339569887
2092-06-10,162,FRUIT_MATURITY,1157.6884615384613,0.0,0.0,25.8,65.8483974824277,0.0,0.0,0.0,0.0,2.9134614441402853,7.681717575977591,0.0323842681214586,14.803781732774478,0.0,1.253271176300448
2092-06-11,163,FRUIT_MATURITY,1174.3730769230767,0.0,0.0,25.8,65.8483974824277,0.0,0.0,0.0,0.0,2.9134614441402853,7.681717575977591,0.03705763111780497,14.812375588440053,0.0,1.4341303242590524
2092-06-12,164,FRUIT_MATURITY,1185.2730769230768,0.0,0.0,25.8,65.8483974824277,0.0,0.0,0.0,0.0,2.9134614441402853,7.681717575977591,0.0,14.820003143448064,0.0,0.15259328708734862
2092-06-13,165,FRUIT_MATURITY,1198.7730769230768,0.0,0.0,25.8,65.8483974824277,0.0,0.0,0.0,0.0,2.9134614441402853,7.681717575977591,0.018035979435751137,14.826658683501218,0.0,0.9079924041635691
2092-06-14,166,FRUIT_MATURITY,1210.0230769230768,0.0,0.0,25.8,65.8483974824277,0.0,0.0,0.0,0.0,2.9134614441402853,7.681717575977591,0.01352264237341531,14.83233719898573,0.0,0.5233262598511725
2092-06-15,167,FRUIT_MATURITY,1224.923076923077,0.0,0.0,25.8,65.8483974824277,0.0,0.0,0.0,0.0,2.9134614441402853,7.681717575977591,0.0,14.837034398297332,0.0,0.4912400931207468
2092-06-16,168,FRUIT_MATURITY,1241.623076923077,0.0,0.0,25.8,65.8483974824277,0.0,0.0,0.0,0.0,2.9134614441402853,7.681717575977591,0.02477613525468841,14.840746719327203,0.0,0.9588364343564415
2092-06-17,169,FRUIT_MATURITY,1257.623076923077,0.0,0.0,25.8,65.8483974824277,0.0,0.0,0.0,0.0,2.9134614441402853,7.681717575977591,0.02716807159726298,14.843471339044463,0.0,1.0514043708140774
2092-06-18,170,FRUIT_MATURITY,1275.0,0.0,0.0,25.8,65.8483974824277,0.0,0.0,0.0,0.0,2.9134614441402853,7.681717575977591,0.0503545221067307,14.845206181121993,0.0,1.948720005530478
2092-06-19,171,FRUIT_MATURITY,1289.676923076923,0.0,0.0,25.8,65.8483974824277,0.0,0.0,0.0,0.0,2.9134614441402853,7.681717575977591,0.055504519720978265,14.845949921562987,0.0,2.148024913201859
2092-06-20,172,FRUIT_MATURITY,1302.1384615384616,0.0,0.0,25.8,65.8483974824277,0.0,0.0,0.0,0.0,2.9134614441402853,7.681717575977591,0.052013002075608473,14.84570199229665,0.0,2.012903180326048
2092-06-21,173,FRUIT_MATURITY,1313.8384615384616,0.0,0.0,25.8,65.8483974824277,0.0,0.0,0.0,0.0,2.9134614441402853,7.681717575977591,0.053164999643040764,14.844462582722851,0.0,2.0574854861856777
2092-06-22,174,FRUIT_MATURITY,1313.8384615384616,0.0,0.0,25.8,65.8483974824277,0.0,0.0,0.0,0.0,2.9134614441402853,7.681717575977591,0.0,14.84223263919701,0.0,
2092-06-23,175,FRUIT_MATURITY,1313.8384615384616,0.0,0.0,25.8,65.8483974824277,0.0,0.0,0.0,0.0,2.9134614441402853,7.681717575977591,0.0,14.839013862458089,0.0,
2092-06-24,176,FRUIT_MATURITY,1313.8384615384616,0.0,0.0,25.8,65.8483974824277,0.0,0.0,0.0,0.0,2.9134614441402853,7.681717575977591,0.0,14.834808703014225,0.0,
2092-06-25,177,FRUIT_MATURITY,1319.0307692307692,0.0,0.0,25.8,65.8483974824277,0.0,0.0,0.0,0.0,2.9134614441402853,7.681717575977591,0.033236188844832426,14.829620354511922,0.0,1.286240508295015
2092-06-26,178,FRUIT_MATURITY,1328.376923076923,0.0,0.0,25.8,65.8483974824277,0.0,0.0,0.0,0.0,2.9134614441402853,7.681717575977591,0.036867200925472,14.823452745125861,0.0,1.4267606758157665
2092-06-27,179,FRUIT_MATURITY,1339.9384615384615,0.0,0.0,25.8,65.8483974824277,0.0,0.0,0.0,0.0,2.9134614441402853,7.681717575977591,0.04317844397644297,14.81631052701742,0.0,1.6710057818883433
2092-06-28,180,FRUIT_MATURITY,1351.7769230769231,0.0,0.0,25.8,65.8483974824277,0.0,0.0,0.0,0.0,2.9134614441402853,7.681717575977591,0.0,14.808199063920151,0.0,0.514328322845007
2092-06-29,181,FRUIT_MATURITY,1369.126923076923,0.0,0.0,25.8,65.8483974824277,0.0,0.0,0.0,0.0,2.9134614441402853,7.681717575977591,0.016185015481435843,14.799124416920526,0.0,1.3263600991315672
2092-06-30,182,FRUIT_MATURITY,1385.826923076923,0.0,0.0,25.8,65.8483974824277,0.0,0.0,0.0,0.0,2.9134614441402853,7.681717575977591,0.02424385763538651,14.78909332851133,0.0,0.938237290489458
2092-07-01,183,FRUIT_MATURITY,1403.626923076923,0.0,0.0,25.8,65.8483974824277,0.0,0.0,0.0,0.0,2.9134614441402853,7.681717575977591,0.036420299094502846,14.778113205003748,0.0,1.4094655749572602
2092-07-02,184,FRUIT_MATURITY,1421.4884615384615,0.0,0.0,25.8,65.8483974824277,0.0,0.0,0.0,0.0,2.9134614441402853,7.681717575977591,0.02835247398348715,14.766192097391823,0.0,1.0972407431609528
2092-07-03,185,FRUIT_MATURITY,1439.2384615384615,0.0,0.0,25.8,65.8483974824277,0.0,0.0,0.0,0.0,2.9134614441402853,7.681717575977591,0.024443960653346017,14.753338680769918,0.0,0.9459812772844909
2092-07-04,186,FRUIT_MATURITY,1456.6384615384616,0.0,0.0,25.8,65.8483974824277,0.0,0.0,0.0,0.0,2.9134614441402853,7.681717575977591,0.02606557480392801,14.739562232409966,0.0,1.008737744912014
2092-07-05,187,FRUIT_MATURITY,1473.1884615384615,0.0,0.0,25.8,65.8483974824277,0.0,0.0,0.0,0.0,2.9134614441402853,7.681717575977591,0.02790554732173194,14.724872608610282,0.0,1.079944681351026
2092-07-06,188,FRUIT_MATURITY,1488.7384615384615,0.0,0.0,25.8,65.8483974824277,0.0,0.0,0.0,0.0,2.9134614441402853,7.681717575977591,0.0,14.709280220432106,0.0,1.0110419263848713
2092-07-07,189,SENESCENCE,1506.5384615384614,0.0,0.0,25.8,65.8483974824277,0.0,0.0,0.0,0.0,2.9134614441402853,7.681717575977591,0.023122478892935446,14.69279600844317,0.0,0.8948399331566018
2092-07-08,190,SENESCENCE,1523.4884615384615,0.0,0.0,25.8,65.8483974824277,0.0,0.0,0.0,0.0,2.9134614441402853,7.681717575977591,0.028470362579354622,14.675431416590085,0.0,1.101803031821024
2092-07-09,191,SENESCENCE,1540.3384615384614,0.0,0.0,25.8,65.8483974824277,0.0,0.0,0.0,0.0,2.9134614441402853,7.681717575977591,0.03946890520334217,14.657198365322687,0.0,1.527446631369342
2092-07-10,192,SENESCENCE,1558.2384615384615,0.0,0.0,25.8,65.8483974824277,0.0,0.0,0.0,0.0,2.9134614441402853,7.681717575977591,0.0,14.638109224094004,0.0,1.0262574588133488
2092-07-11,193,SENESCENCE,1575.2884615384614,0.0,0.0,25.8,65.8483974824277,0.0,0.0,0.0,0.0,2.9134614441402853,7.681717575977591,0.016900028338667265,14.61817678335919,0.0,1.0040310967064232
2092-07-12,194,SENESCENCE,1591.903846153846,0.0,0.0,25.8,65.8483974824277,0.0,0.0,0.0,0.0,2.9134614441402853,7.681717575977591,0.04437946858598061,14.597414226195644,0.0,1.7174854342774497
2092-07-13,195,SENESCENCE,1606.9269230769228,0.0,0.0,25.8,65.8483974824277,0.0,0.0,0.0,0.0,2.9134614441402853,7.681717575977591,0.04328658004241564,14.575835099664385,0.0,1.6751906476414853
2092-07-14,196,SENESCENCE,1624.0269230769227,0.0,0.0,25.8,65.8483974824277,0.0,0.0,0.0,0.0,2.9134614441402853,7.681717575977591,0.043073256238798534,14.55345328603027,0.0,1.6669350164415033
2092-07-15,197,SENESCENCE,1641.8884615384611,0.0,0.0,25.8,65.8483974824277,0.0,0.0,0.0,0.0,2.9134614441402853,7.681717575977591,0.04364272184367629,14.530282973955128,0.0,1.6889733353502725
2092-07-16,198,SENESCENCE,1657.7423076923073,0.0,0.0,25.8,65.8483974824277,0.0,0.0,0.0,0.0,2.9134614441402853,7.681717575977591,0.050247660755634936,14.506338629773895,0.0,1.9445844712430722
2092-07-17,199,SENESCENCE,1669.9269230769228,0.0,0.0,25.8,65.8483974824277,0.0,0.0,0.0,0.0,2.9134614441402853,7.681717575977591,0.051666976668818816,14.481634968959373,0.0,1.9995119970832884
2092-07-18,200,SENESCENCE,1681.1423076923074,0.0,0.0,25.8,65.8483974824277,0.0,0.0,0.0,0.0,2.9134614441402853,7.681717575977591,0.0340022074451736,14.45618692787614,0.0,1.3158854281282184
2092-07-19,201,SENESCENCE,1688.6884615384613,0.0,0.0,25.8,65.8483974824277,0.0,0.0,0.0,0.0,2.9134614441402853,7.681717575977591,0.04898968974112037,14.4300096359187,0.0,1.8959009929813584
2092-07-20,202,SENESCENCE,1701.9115384615382,0.0,0.0,25.8,65.8483974824277,0.0,0.0,0.0,0.0,2.9134614441402853,7.681717575977591,0.024128066142170796,14.403118388123259,0.0,0.9337561597020099
2092-07-21,203,SENESCENCE,1715.6192307692304,0.0,0.0,25.8,65.8483974824277,0.0,0.0,0.0,0.0,2.9134614441402853,7.681717575977591,0.035635685476364316,14.375528618336393,0.0,1.379101027935299
2092-07-22,204,SENESCENCE,1729.5192307692305,0.0,0.0,25.8,65.8483974824277,0.0,0.0,0.0,0.0,2.9134614441402853,7.681717575977591,0.0,14.347255873017609,0.0,0.13548149999999998
2092-07-23,205,SENESCENCE,1742.7692307692305,0.0,0.0,25.8,65.8483974824277,0.0,0.0,0.0,0.0,2.9134614441402853,7.681717575977591,0.0,14.31831578574646,0.0,0.1992019731660083
2092-07-24,206,SENESCENCE,1760.1692307692306,0.0,0.0,25.8,65.8483974824277,0.0,0.0,0.0,0.0,2.9134614441402853,7.681717575977591,0.030701375821951944,14.288724052498292,0.0,1.1881432443095403
2092-07-25,207,SENESCENCE,1777.6846153846152,0.0,0.0,25.8,65.8483974824277,0.0,0.0,0.0,0.0,2.9134614441402853,7.681717575977591,0.04209834191732637,14.258496407746287,0.0,1.6292058322005307
2092-07-26,208,SENESCENCE,1790.6999999999998,0.0,0.0,25.8,65.8483974824277,0.0,0.0,0.0,0.0,2.9134614441402853,7.681717575977591,0.04138217389927477,14.227648601440885,0.0,1.6014901299019337
2092-07-27,209,SENESCENCE,1806.0692307692307,0.0,0.0,25.8,65.8483974824277,0.0,0.0,0.0,0.0,2.9134614441402853,7.681717575977591,0.04310565796566996,14.196196376911297,0.0,1.6681889632714275
2092-07-28,210,SENESCENCE,1820.3307692307692,0.0,0.0,25.8,65.8483974824277,0.0,0.0,0.0,0.0,2.9134614441402853,7.681717575977591,0.052148626555386,14.164155449727563,0.0,2.018151847693438
2092-07-29,211,SENESCENCE,1833.3461538461538,0.0,0.0,25.8,65.8483974824277,0.0,0.0,0.0,0.0,2.9134614441402853,7.681717575977591,0.050356387003403405,14.131541487555426,0.0,1.948792177031712
2092-07-30,212,SENESCENCE,1844.6307692307691,0.0,0.0,25.8,65.8483974824277,0.0,0.0,0.0,0.0,2.9134614441402853,7.681717575977591,0.04866260470650501,14.09837009103037,0.0,1.883242802141744
2092-07-31,213,SENESCENCE,1844.6307692307691,0.0,0.0,25.8,65.8483974824277,0.0,0.0,0.0,0.0,2.9134614441402853,7.681717575977591,0.0,14.06465677567155,0.0,
2092-08-01,214,SENESCENCE,1850.4461538461537,0.0,0.0,25.8,65.8483974824277,0.0,0.0,0.0,0.0,2.9134614441402853,7.681717575977591,0.03635220249564637,14.030416954850764,0.0,1.4068302365815146
2092-08-02,215,SENESCENCE,1861.3846153846152,0.0,0.0,25.8,65.8483974824277,0.0,0.0,0.0,0.0,2.9134614441402853,7.681717575977591,0.037199558996586383,13.995665923826566,0.0,1.4396229331678931
2092-08-03,216,SENESCENCE,1875.5769230769229,0.0,0.0,25.8,65.8483974824277,0.0,0.0,0.0,0.0,2.9134614441402853,7.681717575977591,0.04161871529194963,13.960418844848707,0.0,1.610644281798451
2092-08-04,217,SENESCENCE,1889.1461538461535,0.0,0.0,25.8,65.8483974824277,0.0,0.0,0.0,0.0,2.9134614441402853,7.681717575977591,0.03192658122769941,13.92469073333346,0.0,1.2355586935119673
2092-08-05,218,SENESCENCE,1905.4846153846152,0.0,0.0,25.8,65.8483974824277,0.0,0.0,0.0,0.0,2.9134614441402853,7.681717575977591,0.013769671522782294,13.888496445106277,0.0,0.5328862879316748
2092-08-06,219,SENESCENCE,1922.834615384615,0.0,0.0,25.8,65.8483974824277,0.0,0.0,0.0,0.0,2.9134614441402853,7.681717575977591,0.009403697178505938,13.851850664704129,0.0,0.36392308080817987
2092-08-07,220,SENESCENCE,1940.0038461538459,0.0,0.0,25.8,65.8483974824277,0.0,0.0,0.0,0.0,2.9134614441402853,7.681717575977591,0.024571443896086228,13.814767894726412,0.0,0.9509148787785371
2092-08-08,221,SENESCENCE,1954.7538461538459,0.0,0.0,25.8,65.8483974824277,0.0,0.0,0.0,0.0,2.9134614441402853,7.681717575977591,0.035030577910948026,13.777262446219936,0.0,1.3556833651536888
2092-08-09,222,SENESCENCE,1970.5538461538458,0.0,0.0,25.8,65.8483974824277,0.0,0.0,0.0,0.0,2.9134614441402853,7.681717575977591,0.033332305699090105,13.739348430080618,0.0,1.2899602305547873
2092-08-10,223,SENESCENCE,1986.7538461538459,0.0,0.0,25.8,65.8483974824277,0.0,0.0,0.0,0.0,2.9134614441402853,7.681717575977591,0.04109533091704977,13.701039749451763,0.0,1.5903893064898262
2092-08-11,224,SENESCENCE,1998.2461538461537,0.0,0.0,25.8,65.8483974824277,0.0,0.0,0.0,0.0,2.9134614441402853,7.681717575977591,0.04298564614270158,13.66235009309656,0.0,1.6635445057225513
2092-08-12,225,SENESCENCE,2008.7692307692305,0.0,0.0,25.8,65.8483974824277,0.0,0.0,0.0,0.0,2.9134614441402853,7.681717575977591,0.024074070499725788,13.623292929720343,0.0,0.9316665283393881
2092-08-13,226,SENESCENCE,2008.7692307692305,0.0,0.0,25.8,65.8483974824277,0.0,0.0,0.0,0.0,2.9134614441402853,7.681717575977591,0.0,13.583881503216361,0.0,
2092-08-14,227,SENESCENCE,2008.7692307692305,0.0,0.0,25.8,65.8483974824277,0.0,0.0,0.0,0.0,2.9134614441402853,7.681717575977591,0.0,13.544128828807375,0.0,
2092-08-15,228,SENESCENCE,2019.7769230769227,0.0,0.0,25.8,65.8483974824277,0.0,0.0,0.0,0.0,2.9134614441402853,7.681717575977591,0.03981171350122075,13.50404769005411,0.0,1.5407133124972432
2092-08-16,229,SENESCENCE,2032.6538461538457,0.0,0.0,25.8,65.8483974824277,0.0,0.0,0.0,0.0,2.9134614441402853,7.681717575977591,0.03928988486781179,13.463650636700626,0.0,1.5205185443843163
2092-08-17,230,SENESCENCE,2043.8692307692304,0.0,0.0,25.8,65.8483974824277,0.0,0.0,0.0,0.0,2.9134614441402853,7.681717575977591,0.048609616769061156,13.422949983325873,0.0,1.881192168962667
2092-08-18,231,SENESCENCE,2053.9769230769225,0.0,0.0,25.8,65.8483974824277,0.0,0.0,0.0,0.0,2.9134614441402853,7.681717575977591,0.049678120461678216,13.381957808770185,0.0,1.9225432618669471
2092-08-19,232,SENESCENCE,2067.1999999999994,0.0,0.0,25.8,65.8483974824277,0.0,0.0,0.0,0.0,2.9134614441402853,7.681717575977591,0.040781213523480894,13.34068595630506,0.0,1.5782329633587107
2092-08-20,233,SENESCENCE,2082.4307692307684,0.0,0.0,25.8,65.8483974824277,0.0,0.0,0.0,0.0,2.9134614441402853,7.681717575977591,0.03921528869704207,13.299146034514413,0.0,1.5176316725755283
2092-08-21,234,SENESCENCE,2099.2307692307686,0.0,0.0,25.8,65.8483974824277,0.0,0.0,0.0,0.0,2.9134614441402853,7.681717575977591,0.0,13.257349418855464,0.0,0.52319033990652
2092-08-22,235,SENESCENCE,2112.3807692307687,0.0,0.0,25.8,65.8483974824277,0.0,0.0,0.0,0.0,2.9134614441402853,7.681717575977591,0.0,13.215307253867573,0.0,0.39852934126816314
2092-08-23,236,SENESCENCE,2123.2307692307686,0.0,0.0,25.8,65.8483974824277,0.0,0.0,0.0,0.0,2.9134614441402853,7.681717575977591,0.024400630217066007,13.173030455997589,0.0,0.9443043894004546
2092-08-24,237,SENESCENCE,2134.1807692307684,0.0,0.0,25.8,65.8483974824277,0.0,0.0,0.0,0.0,2.9134614441402853,7.681717575977591,0.030931880380895144,13.130529717010589,0.0,1.1970637707406422
2092-08-25,238,SENESCENCE,2147.7307692307686,0.0,0.0,25.8,65.8483974824277,0.0,0.0,0.0,0.0,2.9134614441402853,7.681717575977591,0.031854681838610205,13.087815507955556,0.0,1.2327761871542149
2092-08-26,239,SENESCENCE,2162.8307692307685,0.0,0.0,25.8,65.8483974824277,0.0,0.0,0.0,0.0,2.9134614441402853,7.681717575977591,0.0311535140219428,13.044898083655873,0.0,1.2056409926491864
2092-08-27,240,SENESCENCE,2179.8807692307687,0.0,0.0,25.8,65.8483974824277,0.0,0.0,0.0,0.0,2.9134614441402853,7.681717575977591,0.03293391345157419,13.001787487695378,0.0,1.2745424505759213
2092-08-28,241,SENESCENCE,2196.780769230769,0.0,0.0,25.8,65.8483974824277,0.0,0.0,0.0,0.0,2.9134614441402853,7.681717575977591,0.03361985260155077,12.958493557871337,0.0,1.301088295680015
2092-08-29,242,SENESCENCE,2212.2307692307686,0.0,0.0,25.8,65.8483974824277,0.0,0.0,0.0,0.0,2.9134614441402853,7.681717575977591,0.030265241777133568,12.915025932086445,0.0,1.1712648567750692
2092-08-30,243,SENESCENCE,2229.030769230769,0.0,0.0,25.8,65.8483974824277,0.0,0.0,0.0,0.0,2.9134614441402853,7.681717575977591,0.021239447613336557,12.871394054652871,0.0,0.8219666226361249
2092-08-31,244,SENESCENCE,2245.161538461538,0.0,0.0,25.8,65.8483974824277,0.0,0.0,0.0,0.0,2.9134614441402853,7.681717575977591,0.030571927279686426,12.827607182982096,0.0,1.1831335857238647
2092-09-01,245,SENESCENCE,2263.0923076923073,0.0,0.0,25.8,65.8483974824277,0.0,0.0,0.0,0.0,2.9134614441402853,7.681717575977591,0.03456525595453511,12.783674394635273,0.0,1.3376754054405087
2092-09-02,246,SENESCENCE,2281.0923076923073,0.0,0.0,25.8,65.8483974824277,0.0,0.0,0.0,0.0,2.9134614441402853,7.681717575977591,0.023250761984729112,12.739604594709576,0.0,0.8998044888090168
2092-09-03,247,SENESCENCE,2298.8423076923073,0.0,0.0,25.8,65.8483974824277,0.0,0.0,0.0,0.0,2.9134614441402853,7.681717575977591,0.03063889920249221,12.69540652353706,0.0,1.1857253991364487
2092-09-04,248,SENESCENCE,2313.6423076923074,0.0,0.0,25.8,65.8483974824277,0.0,0.0,0.0,0.0,2.9134614441402853,7.681717575977591,0.01806820247486717,12.651088764673222,0.0,0.6992394357773595
2092-09-05,249,SENESCENCE,2325.0923076923073,0.0,0.0,25.8,65.8483974824277,0.0,0.0,0.0,0.0,2.9134614441402853,7.681717575977591,0.022594637285193536,12.606659753153536,0.0,0.8744124629369899
2092-09-06,250,SENESCENCE,2335.692307692307,0.0,0.0,25.8,65.8483974824277,0.0,0.0,0.0,0.0,2.9134614441402853,7.681717575977591,0.024755697845179774,12.562127783996914,0.0,0.9580455066084573
2092-09-07,251,SENESCENCE,2346.142307692307,0.0,0.0,25.8,65.8483974824277,0.0,0.0,0.0,0.0,2.9134614441402853,7.681717575977591,0.02165822817083613,12.5175010209359,0.0,0.8381734302113584
2092-09-08,252,SENESCENCE,2361.392307692307,0.0,0.0,25.8,65.8483974824277,0.0,0.0,0.0,0.0,2.9134614441402853,7.681717575977591,0.023844447011157077,12.472787505354336,0.0,0.922780099331779
2092-09-09,253,SENESCENCE,2374.842307692307,0.0,0.0,25.8,65.8483974824277,0.0,0.0,0.0,0.0,2.9134614441402853,7.681717575977591,0.030890315375722985,12.427995165413742,0.0,1.1954552050404796
2092-09-10,254,SENESCENCE,2388.642307692307,0.0,0.0,25.8,65.8483974824277,0.0,0.0,0.0,0.0,2.9134614441402853,7.681717575977591,0.022251454835292766,12.383131825350613,0.0,0.8611313021258301
2092-09-11,255,SENESCENCE,2406.642307692307,0.0,0.0,25.8,65.8483974824277,0.0,0.0,0.0,0.0,2.9134614441402853,7.681717575977591,0.019378214205338154,12.338205214927369,0.0,0.7499368897465867
2092-09-12,256,SENESCENCE,2419.342307692307,0.0,0.0,25.8,65.8483974824277,0.0,0.0,0.0,0.0,2.9134614441402853,7.681717575977591,0.020627537158597317,12.293222979020348,0.0,0.7982856880377163
2092-09-13,257,SENESCENCE,2428.6923076923067,0.0,0.0,25.8,65.8483974824277,0.0,0.0,0.0,0.0,2.9134614441402853,7.681717575977591,0.021832725469876624,12.248192687328856,0.0,0.8449264756842254
2092-09-14,258,SENESCENCE,2435.242307692307,0.0,0.0,25.8,65.8483974824277,0.0,0.0,0.0,0.0,2.9134614441402853,7.681717575977591,0.009391403795108763,12.203121844189736,0.0,0.36344732687070913
2092-09-15,259,SENESCENCE,2442.4423076923067,0.0,0.0,25.8,65.8483974824277,0.0,0.0,0.0,0.0,2.9134614441402853,7.681717575977591,0.0,12.158017898482433,0.0,0.13495406236419857
2092-09-16,260,SENESCENCE,2451.4423076923067,0.0,0.0,25.8,65.8483974824277,0.0,0.0,0.0,0.0,2.9134614441402853,7.681717575977591,0.0052092526909140804,12.112888253609954,0.0,0.41159807913837493
2092-09-17,261,SENESCENCE,2462.7923076923066,0.0,0.0,25.8,65.8483974824277,0.0,0.0,0.0,0.0,2.9134614441402853,7.681717575977591,0.023122735544650063,12.067740277541407,0.0,0.8948498655779575
2092-09-18,262,SENESCENCE,2472.9423076923067,0.0,0.0,25.8,65.8483974824277,0.0,0.0,0.0,0.0,2.9134614441402853,7.681717575977591,0.02465884770448839,12.022581312902158,0.0,0.9542974061637007
2092-09-19,263,SENESCENCE,2488.092307692307,0.0,0.0,25.8,65.8483974824277,0.0,0.0,0.0,0.0,2.9134614441402853,7.681717575977591,0.00978209020894003,11.977418687097842,0.0,0.9385668910859791
2092-09-20,264,SENESCENCE,2505.5423076923066,0.0,0.0,25.8,65.8483974824277,0.0,0.0,0.0,0.0,2.9134614441402853,7.681717575977591,0.024595607127087134,11.932259722458596,0.0,0.9518499958182722
2092-09-21,265,SENESCENCE,2522.7923076923066,0.0,0.0,25.8,65.8483974824277,0.0,0.0,0.0,0.0,2.9134614441402853,7.681717575977591,0.025480062551675578,11.887111746390046,0.0,0.986078420749845
2092-09-22,266,SENESCENCE,2539.2423076923064,0.0,0.0,25.8,65.8483974824277,0.0,0.0,0.0,0.0,2.9134614441402853,7.681717575977591,0.019873801628080924,11.84198210151757,0.0,0.7691161230067318
2092-09-23,267,SENESCENCE,2556.6423076923065,0.0,0.0,25.8,65.8483974824277,0.0,0.0,0.0,0.0,2.9134614441402853,7.681717575977591,0.0,11.796878155810266,0.0,0.6782870486679338
2092-09-24,268,SENESCENCE,2568.5423076923066,0.0,0.0,25.8,65.8483974824277,0.0,0.0,0.0,0.0,2.9134614441402853,7.681717575977591,0.0,11.751807312671147,0.0,0.22913822876581724
2092-09-25,269,SENESCENCE,2580.4923076923064,0.0,0.0,25.8,65.8483974824277,0.0,0.0,0.0,0.0,2.9134614441402853,7.681717575977591,0.0189825184575358,11.706777020979654,0.0,0.7346234643066356
2092-09-26,270,SENESCENCE,2593.1923076923063,0.0,0.0,25.8,65.8483974824277,0.0,0.0,0.0,0.0,2.9134614441402853,7.681717575977591,0.01998287386810676,11.661794785072631,0.0,0.7733372186957316
2092-09-27,271,SENESCENCE,2603.1923076923063,0.0,0.0,25.8,65.8483974824277,0.0,0.0,0.0,0.0,2.9134614441402853,7.681717575977591,0.01180009239105464,11.616868174649388,0.0,0.4566635755338146
2092-09-28,272,SENESCENCE,2612.542307692306,0.0,0.0,25.8,65.8483974824277,0.0,0.0,0.0,0.0,2.9134614441402853,7.681717575977591,0.01354153243608741,11.572004834586258,0.0,0.5240573052765828
2092-09-29,273,SENESCENCE,2623.5923076923063,0.0,0.0,25.8,65.8483974824277,0.0,0.0,0.0,0.0,2.9134614441402853,7.681717575977591,0.014187445693794777,11.527212494645664,0.0,0.5490541483498579
2092-09-30,274,SENESCENCE,2637.542307692306,0.0,0.0,25.8,65.8483974824277,0.0,0.0,0.0,0.0,2.9134614441402853,7.681717575977591,0.02092324830088868,11.4824989790641,0.0,0.809729709244392
2092-10-01,275,SENESCENCE,2654.0923076923063,0.0,0.0,25.8,65.8483974824277,0.0,0.0,0.0,0.0,2.9134614441402853,7.681717575977591,0.02415864115882698,11.437872216003088,0.0,0.9349394128466042
2092-10-02,276,SENESCENCE,2669.9423076923063,0.0,0.0,25.8,65.8483974824277,0.0,0.0,0.0,0.0,2.9134614441402853,7.681717575977591,0.013101606591561331,11.393340246846464,0.0,0.5070321750934236
2092-10-03,277,SENESCENCE,2682.392307692306,0.0,0.0,25.8,65.8483974824277,0.0,0.0,0.0,0.0,2.9134614441402853,7.681717575977591,0.0,11.348911235326781,0.0,0.10222866093378148
2092-10-04,278,SENESCENCE,2691.642307692306,0.0,0.0,25.8,65.8483974824277,0.0,0.0,0.0,0.0,2.9134614441402853,7.681717575977591,0.015266327071447476,11.304593476462943,0.0,0.5908068576650174
2092-10-05,279,SENESCENCE,2699.492307692306,0.0,0.0,25.8,65.8483974824277,0.0,0.0,0.0,0.0,2.9134614441402853,7.681717575977591,0.011491156246585916,11.260395405290424,0.0,0.44470774674287494
2092-10-06,280,SENESCENCE,2708.242307692306,0.0,0.0,25.8,65.8483974824277,0.0,0.0,0.0,0.0,2.9134614441402853,7.681717575977591,0.017042952948083747,11.21632560536473,0.0,0.6595622790908411
2092-10-07,281,SENESCENCE,2714.192307692306,0.0,0.0,25.8,65.8483974824277,0.0,0.0,0.0,0.0,2.9134614441402853,7.681717575977591,0.011874488181118834,11.172392817017904,0.0,0.4595426926092989
2092-10-08,282,SENESCENCE,2724.0423076923057,0.0,0.0,25.8,65.8483974824277,0.0,0.0,0.0,0.0,2.9134614441402853,7.681717575977591,0.0077901317784538175,11.12860594534713,0.0,0.30147809982616275
2092-10-09,283,SENESCENCE,2733.092307692306,0.0,0.0,25.8,65.8483974824277,0.0,0.0,0.0,0.0,2.9134614441402853,7.681717575977591,0.0168270512603722,11.084974067913555,0.0,0.6512068837764041
2092-10-10,284,SENESCENCE,2744.242307692306,0.0,0.0,25.8,65.8483974824277,0.0,0.0,0.0,0.0,2.9134614441402853,7.681717575977591,0.014506367518015009,11.041506442128664,0.0,0.5613964229471808
2092-10-11,285,SENESCENCE,2755.992307692306,0.0,0.0,25.8,65.8483974824277,0.0,0.0,0.0,0.0,2.9134614441402853,7.681717575977591,0.013471657158228734,10.998212512304624,0.0,0.521353132023452
2092-10-12,286,SENESCENCE,2766.542307692306,0.0,0.0,25.8,65.8483974824277,0.0,0.0,0.0,0.0,2.9134614441402853,7.681717575977591,0.011042418737922697,10.95510191634413,0.0,0.4273416051576084
2092-10-13,287,SENESCENCE,2775.892307692306,0.0,0.0,25.8,65.8483974824277,0.0,0.0,0.0,0.0,2.9134614441402853,7.681717575977591,0.011306264724149032,10.912184492044444,0.0,0.43755244482456757
2092-10-14,288,SENESCENCE,2780.992307692306,0.0,0.0,25.8,65.8483974824277,0.0,0.0,0.0,0.0,2.9134614441402853,7.681717575977591,0.012963666856710736,10.869470282989411,0.0,0.5016939073547055
2092-10-15,289,SENESCENCE,2783.492307692306,0.0,0.0,25.8,65.8483974824277,0.0,0.0,0.0,0.0,2.9134614441402853,7.681717575977591,0.009607075223503462,10.826969544002413,0.0,0.371793811149584
2092-10-16,290,SENESCENCE,2786.942307692306,0.0,0.0,25.8,65.8483974824277,0.0,0.0,0.0,0.0,2.9134614441402853,7.681717575977591,0.004276467882023689,10.784692746132427,0.0,0.16549930703431678
2092-10-17,291,SENESCENCE,2793.092307692306,0.0,0.0,25.8,65.8483974824277,0.0,0.0,0.0,0.0,2.9134614441402853,7.681717575977591,0.013354524446897305,10.74265058114454,0.0,0.5168200960949257
2092-10-18,292,SENESCENCE,2800.342307692306,0.0,0.0,25.8,65.8483974824277,0.0,0.0,0.0,0.0,2.9134614441402853,7.681717575977591,0.004920055127635175,10.700853965485587,0.0,0.19040613343948132
2092-10-19,293,SENESCENCE,2813.242307692306,0.0,0.0,25.8,65.8483974824277,0.0,0.0,0.0,0.0,2.9134614441402853,7.681717575977591,0.01410595348837209,10.659314043694941,0.0,0.5459004
2092-10-20,294,SENESCENCE,2823.542307692306,0.0,0.0,25.8,65.8483974824277,0.0,0.0,0.0,0.0,2.9134614441402853,7.681717575977591,0.0,10.618042191229817,0.0,0.4018999981917783
2092-10-21,295,SENESCENCE,2833.392307692306,0.0,0.0,25.8,65.8483974824277,0.0,0.0,0.0,0.0,2.9134614441402853,7.681717575977591,0.0,10.57705001667413,0.0,0.13526963282889912
2092-10-22,296,SENESCENCE,2842.142307692306,0.0,0.0,25.8,65.8483974824277,0.0,0.0,0.0,0.0,2.9134614441402853,7.681717575977591,0.00788578585825455,10.536349363299374,0.0,0.3051799127144511
2092-10-23,297,SENESCENCE,2852.392307692306,0.0,0.0,25.8,65.8483974824277,0.0,0.0,0.0,0.0,2.9134614441402853,7.681717575977591,0.011052032771771346,10.49595230994589,0.0,0.42771366826755114
2092-10-24,298,SENESCENCE,2860.792307692306,0.0,0.0,25.8,65.8483974824277,0.0,0.0,0.0,0.0,2.9134614441402853,7.681717575977591,0.009463839771899957,10.455871171192626,0.0,0.36625059917252833
2092-10-25,299,SENESCENCE,2870.3423076923063,0.0,0.0,25.8,65.8483974824277,0.0,0.0,0.0,0.0,2.9134614441402853,7.681717575977591,0.00947246835518838,10.41611849678364,0.0,0.36658452534579034
2092-10-26,300,SENESCENCE,2878.3423076923063,0.0,0.0,25.8,65.8483974824277,0.0,0.0,0.0,0.0,2.9134614441402853,7.681717575977591,0.005036489474561239,10.376707070279659,0.0,0.19491214266551996
2092-10-27,301,SENESCENCE,2884.0923076923063,0.0,0.0,25.8,65.8483974824277,0.0,0.0,0.0,0.0,2.9134614441402853,7.681717575977591,0.003569653288402822,10.33764990690344,0.0,0.13814558226118923
2092-10-28,302,SENESCENCE,2887.3423076923063,0.0,0.0,25.8,65.8483974824277,0.0,0.0,0.0,0.0,2.9134614441402853,7.681717575977591,0.0,10.298960250548237,0.0,0.00874961125931104
2092-10-29,303,SENESCENCE,2891.5923076923063,0.0,0.0,25.8,65.8483974824277,0.0,0.0,0.0,0.0,2.9134614441402853,7.681717575977591,0.0,10.260651569919382,0.0,0.044199547683196796
2092-10-30,304,SENESCENCE,2897.7423076923064,0.0,0.0,25.8,65.8483974824277,0.0,0.0,0.0,0.0,2.9134614441402853,7.681717575977591,0.0,10.222737553780064,0.0,0.17743996309052165
2092-10-31,305,SENESCENCE,2903.5923076923063,0.0,0.0,25.8,65.8483974824277,0.0,0.0,0.0,0.0,2.9134614441402853,7.681717575977591,0.0,10.185232105273592,0.0,0.11261002807755512
2092-11-01,306,SENESCENCE,2911.1923076923063,0.0,0.0,25.8,65.8483974824277,0.0,0.0,0.0,0.0,2.9134614441402853,7.681717575977591,0.0,10.148149335295871,0.0,0.051297915401329906
2092-11-02,307,SENESCENCE,2916.7423076923064,0.0,0.0,25.8,65.8483974824277,0.0,0.0,0.0,0.0,2.9134614441402853,7.681717575977591,0.0063618374770921665,10.111503554893725,0.0,0.24620311036346687
2092-11-03,308,SENESCENCE,2919.3923076923065,0.0,0.0,25.8,65.8483974824277,0.0,0.0,0.0,0.0,2.9134614441402853,7.681717575977591,0.007528036764202751,10.075309266666542,0.0,0.29133502277464646
2092-11-04,309,SENESCENCE,2925.0423076923066,0.0,0.0,25.8,65.8483974824277,0.0,0.0,0.0,0.0,2.9134614441402853,7.681717575977591,0.0,10.039581155151298,0.0,0.11186245509922078
2092-11-05,310,SENESCENCE,2929.1423076923065,0.0,0.0,25.8,65.8483974824277,0.0,0.0,0.0,0.0,2.9134614441402853,7.681717575977591,0.0,10.004334076173436,0.0,0.12328075905666505
2092-11-06,311,SENESCENCE,2932.6923076923067,0.0,0.0,25.8,65.8483974824277,0.0,0.0,0.0,0.0,2.9134614441402853,7.681717575977591,0.0009841008711326056,9.969583045149239,0.0,0.03808470371283184
2092-11-07,312,SENESCENCE,2939.342307692307,0.0,0.0,25.8,65.8483974824277,0.0,0.0,0.0,0.0,2.9134614441402853,7.681717575977591,0.0,9.93534322432845,0.0,0.23116945479976103
2092-11-08,313,SENESCENCE,2943.9423076923067,0.0,0.0,25.8,65.8483974824277,0.0,0.0,0.0,0.0,2.9134614441402853,7.681717575977591,0.0,9.90162990896963,0.0,0.06026165569633811
2092-11-09,314,SENESCENCE,2945.5423076923066,0.0,0.0,25.8,65.8483974824277,0.0,0.0,0.0,0.0,2.9134614441402853,7.681717575977591,0.005044421067380253,9.868458512444576,0.0,0.1952190953076158
2092-11-10,315,SENESCENCE,2945.8923076923065,0.0,0.0,25.8,65.8483974824277,0.0,0.0,0.0,0.0,2.9134614441402853,7.681717575977591,0.00558504728179049,9.835844550272439,0.0,0.216141329805292
2092-11-11,316,SENESCENCE,2946.7423076923064,0.0,0.0,25.8,65.8483974824277,0.0,0.0,0.0,0.0,2.9134614441402853,7.681717575977591,0.0,9.803803623088706,0.0,0.04727653540178983
2092-11-12,317,SENESCENCE,2950.3923076923065,0.0,0.0,25.8,65.8483974824277,0.0,0.0,0.0,0.0,2.9134614441402853,7.681717575977591,0.0,9.772351398559117,0.0,0.03942322472426628
2092-11-13,318,SENESCENCE,2954.7423076923064,0.0,0.0,25.8,65.8483974824277,0.0,0.0,0.0,0.0,2.9134614441402853,7.681717575977591,0.00043917015919357863,9.741503592253714,0.0,0.016995885160791493
2092-11-14,319,SENESCENCE,2959.7423076923064,0.0,0.0,25.8,65.8483974824277,0.0,0.0,0.0,0.0,2.9134614441402853,7.681717575977591,0.0009251276842866824,9.711275947501711,0.0,0.03580244138189461
2092-11-15,320,SENESCENCE,2964.2923076923066,0.0,0.0,25.8,65.8483974824277,0.0,0.0,0.0,0.0,2.9134614441402853,7.681717575977591,0.0006412467436559222,9.68168421425354,0.0,0.024816248979484187
2092-11-16,321,SENESCENCE,2968.0423076923066,0.0,0.0,25.8,65.8483974824277,0.0,0.0,0.0,0.0,2.9134614441402853,7.681717575977591,0.0005041933049994431,9.652744126982387,0.0,0.01951228090347845
2092-11-17,322,SENESCENCE,2970.3923076923065,0.0,0.0,25.8,65.8483974824277,0.0,0.0,0.0,0.0,2.9134614441402853,7.681717575977591,0.0013877819394117683,9.624471381663607,0.0,0.05370716105523544
2092-11-18,323,SENESCENCE,2974.0923076923063,0.0,0.0,25.8,65.8483974824277,0.0,0.0,0.0,0.0,2.9134614441402853,7.681717575977591,0.0,9.596881611876741,0.0,0.17758402600079207
2092-11-19,324,SENESCENCE,2977.042307692306,0.0,0.0,25.8,65.8483974824277,0.0,0.0,0.0,0.0,2.9134614441402853,7.681717575977591,0.0,9.569990364081303,0.0,0.08683703045129997
2092-11-20,325,SENESCENCE,2978.042307692306,0.0,0.0,25.8,65.8483974824277,0.0,0.0,0.0,0.0,2.9134614441402853,7.681717575977591,0.004614623241196794,9.54381307212386,0.0,0.17858591943431595
2092-11-21,326,SENESCENCE,2981.642307692306,0.0,0.0,25.8,65.8483974824277,0.0,0.0,0.0,0.0,2.9134614441402853,7.681717575977591,0.0,9.518365031040627,0.0,0.02258407187594832
2092-11-22,327,SENESCENCE,2985.492307692306,0.0,0.0,25.8,65.8483974824277,0.0,0.0,0.0,0.0,2.9134614441402853,7.681717575977591,0.0008886719820142244,9.493661370226109,0.0,0.03439160570395049
2092-11-23,328,SENESCENCE,2985.492307692306,0.0,0.0,25.8,65.8483974824277,0.0,0.0,0.0,0.0,2.9134614441402853,7.681717575977591,0.0032520660282309836,9.469717026044874,0.0,0.12585495529253907
2092-11-24,329,SENESCENCE,2985.492307692306,0.0,0.0,25.8,65.8483974824277,0.0,0.0,0.0,0.0,2.9134614441402853,7.681717575977591,0.0025972482406331795,9.44654671396973,0.0,0.10051350691250405
2092-11-25,330,SENESCENCE,2985.492307692306,0.0,0.0,25.8,65.8483974824277,0.0,0.0,0.0,0.0,2.9134614441402853,7.681717575977591,0.0011309546226582693,9.424164900335615,0.0,0.04376794389687502
2092-11-26,331,SENESCENCE,2985.492307692306,0.0,0.0,25.8,65.8483974824277,0.0,0.0,0.0,0.0,2.9134614441402853,7.681717575977591,0.0,9.402585773804358,0.0,0.05174995026247609
2092-11-27,332,SENESCENCE,2985.492307692306,0.0,0.0,25.8,65.8483974824277,0.0,0.0,0.0,0.0,2.9134614441402853,7.681717575977591,0.0,9.38182321664081,0.0,0.07664904422480426
2092-11-28,333,SENESCENCE,2985.492307692306,0.0,0.0,25.8,65.8483974824277,0.0,0.0,0.0,0.0,2.9134614441402853,7.681717575977591,0.002053426377448533,9.361890775905998,0.0,0.07946760080725823
2092-11-29,334,SENESCENCE,2985.492307692306,0.0,0.0,25.8,65.8483974824277,0.0,0.0,0.0,0.0,2.9134614441402853,7.681717575977591,0.0002936358660818675,9.342801634677313,0.0,0.011363708017368274
2092-11-30,335,SENESCENCE,2987.392307692306,0.0,0.0,25.8,65.8483974824277,0.0,0.0,0.0,0.0,2.9134614441402853,7.681717575977591,0.0023224558032227875,9.324568583409915,0.0,0.08987903958472189
2092-12-01,336,SENESCENCE,2987.392307692306,0.0,0.0,25.8,65.8483974824277,0.0,0.0,0.0,0.0,2.9134614441402853,7.681717575977591,0.0,9.307203991556833,0.0,0.04393488907637073
2092-12-02,337,SENESCENCE,2987.392307692306,0.0,0.0,25.8,65.8483974824277,0.0,0.0,0.0,0.0,2.9134614441402853,7.681717575977591,0.0,9.290719779567894,0.0,0.09612740661518539
2092-12-03,338,SENESCENCE,2987.392307692306,0.0,0.0,25.8,65.8483974824277,0.0,0.0,0.0,0.0,2.9134614441402853,7.681717575977591,0.002430693795575017,9.27512739138972,0.0,0.09406784988875316
2092-12-04,339,SENESCENCE,2987.392307692306,0.0,0.0,25.8,65.8483974824277,0.0,0.0,0.0,0.0,2.9134614441402853,7.681717575977591,0.0005441598991929395,9.260437767590036,0.0,0.02105898809876676
2092-12-05,340,SENESCENCE,2987.392307692306,0.0,0.0,25.8,65.8483974824277,0.0,0.0,0.0,0.0,2.9134614441402853,7.681717575977591,0.0001458584880054149,9.246661319230082,0.0,0.005644723485809557
2092-12-06,341,SENESCENCE,2987.392307692306,0.0,0.0,25.8,65.8483974824277,0.0,0.0,0.0,0.0,2.9134614441402853,7.681717575977591,0.0007857518551638653,9.233807902608177,0.0,0.030408596794841588
2092-12-07,342,SENESCENCE,2987.392307692306,0.0,0.0,25.8,65.8483974824277,0.0,0.0,0.0,0.0,2.9134614441402853,7.681717575977591,0.0,9.221886794996252,0.0,0.03989779748328848
2092-12-08,343,SENESCENCE,2987.392307692306,0.0,0.0,25.8,65.8483974824277,0.0,0.0,0.0,0.0,2.9134614441402853,7.681717575977591,0.0,9.210906671488674,0.0,0.05796407516923737
2092-12-09,344,SENESCENCE,2987.392307692306,0.0,0.0,25.8,65.8483974824277,0.0,0.0,0.0,0.0,2.9134614441402853,7.681717575977591,0.002238697930301032,9.200875583079476,0.0,0.08663760990264995
2092-12-10,345,SENESCENCE,2987.392307692306,0.0,0.0,25.8,65.8483974824277,0.0,0.0,0.0,0.0,2.9134614441402853,7.681717575977591,0.0,9.191800936079849,0.0,0.026504742690431845
2092-12-11,346,SENESCENCE,2987.392307692306,0.0,0.0,25.8,65.8483974824277,0.0,0.0,0.0,0.0,2.9134614441402853,7.681717575977591,0.001560483927130851,9.183689472982582,0.0,0.060390727979963935
2092-12-12,347,SENESCENCE,2987.392307692306,0.0,0.0,25.8,65.8483974824277,0.0,0.0,0.0,0.0,2.9134614441402853,7.681717575977591,0.0010651089292884554,9.17654725487414,0.0,0.041219715563463225
2092-12-13,348,SENESCENCE,2987.392307692306,0.0,0.0,25.8,65.8483974824277,0.0,0.0,0.0,0.0,2.9134614441402853,7.681717575977591,0.0011636008347698631,9.17037964548808,0.0,0.04503135230559371
2092-12-14,349,SENESCENCE,2988.9423076923063,0.0,0.0,25.8,65.8483974824277,0.0,0.0,0.0,0.0,2.9134614441402853,7.681717575977591,0.0029687358490094414,9.165191296985773,0.0,0.11489007735666538
2092-12-15,350,SENESCENCE,2988.9423076923063,0.0,0.0,25.8,65.8483974824277,0.0,0.0,0.0,0.0,2.9134614441402853,7.681717575977591,0.0021670102327135186,9.160986137541913,0.0,0.08386329600601318
2092-12-16,351,SENESCENCE,2988.9423076923063,0.0,0.0,25.8,65.8483974824277,0.0,0.0,0.0,0.0,2.9134614441402853,7.681717575977591,0.0016450177483955928,9.157767360802993,0.0,0.06366218686290945
2092-12-17,352,SENESCENCE,2988.9423076923063,0.0,0.0,25.8,65.8483974824277,0.0,0.0,0.0,0.0,2.9134614441402853,7.681717575977591,0.0,9.15553741727715,0.0,0.10704086477175201
2092-12-18,353,SENESCENCE,2988.9423076923063,0.0,0.0,25.8,65.8483974824277,0.0,0.0,0.0,0.0,2.9134614441402853,7.681717575977591,0.0012874684372303543,9.154298007703353,0.0,0.04982502852081472
2092-12-19,354,SENESCENCE,2988.9423076923063,0.0,0.0,25.8,65.8483974824277,0.0,0.0,0.0,0.0,2.9134614441402853,7.681717575977591,0.0010367025153602384,9.154050078437015,0.0,0.04012038734444123
2092-12-20,355,SENESCENCE,2988.9423076923063,0.0,0.0,25.8,65.8483974824277,0.0,0.0,0.0,0.0,2.9134614441402853,7.681717575977591,0.0,9.154793818878007,0.0,0.06978420163060367
2092-12-21,356,SENESCENCE,2989.892307692306,0.0,0.0,25.8,65.8483974824277,0.0,0.0,0.0,0.0,2.9134614441402853,7.681717575977591,0.0029214508322508177,9.156528660955539,0.0,0.11306014720810666
2092-12-22,357,SENESCENCE,2994.092307692306,0.0,0.0,25.8,65.8483974824277,0.0,0.0,0.0,0.0,2.9134614441402853,7.681717575977591,0.0015410690120490522,9.159253280672798,0.0,0.05963937076629833
2092-12-23,358,SENESCENCE,2997.242307692306,0.0,0.0,25.8,65.8483974824277,0.0,0.0,0.0,0.0,2.9134614441402853,7.681717575977591,0.004365377636332049,9.162965601702668,0.0,0.16894011452605032
2092-12-24,359,SENESCENCE,2999.292307692306,0.0,0.0,25.8,65.8483974824277,0.0,0.0,0.0,0.0,2.9134614441402853,7.681717575977591,0.00454029605991935,9.16766280101427,0.0,0.17570945751887884
2092-12-25,360,SENESCENCE,2999.292307692306,0.0,0.0,25.8,65.8483974824277,0.0,0.0,0.0,0.0,2.9134614441402853,7.681717575977591,0.0,9.173341316498782,0.0,0.031251150446023584
2092-12-26,361,SENESCENCE,3001.5923076923063,0.0,0.0,25.8,65.8483974824277,0.0,0.0,0.0,0.0,2.9134614441402853,7.681717575977591,0.0032611172223838743,9.179996856551936,0.0,0.12620523650625595
2092-12-27,362,SENESCENCE,3001.5923076923063,0.0,0.0,25.8,65.8483974824277,0.0,0.0,0.0,0.0,2.9134614441402853,7.681717575977591,0.0,9.187624411559948,0.0,0.016242405258496965
2092-12-28,363,SENESCENCE,3001.5923076923063,0.0,0.0,25.8,65.8483974824277,0.0,0.0,0.0,0.0,2.9134614441402853,7.681717575977591,0.0,9.196218267225522,0.0,0.02404641689296973
2092-12-29,364,SENESCENCE,3001.5923076923063,0.0,0.0,25.8,65.8483974824277,0.0,0.0,0.0,0.0,2.9134614441402853,7.681717575977591,0.0006177004902428808,9.205772019661012,0.0,0.02390500897239949
2092-12-30,365,SENESCENCE,3001.5923076923063,0.0,0.0,25.8,65.8483974824277,0.0,0.0,0.0,0.0,2.9134614441402853,7.681717575977591,0.0,9.21627859216693,0.0,0.034010339378342
2092-12-31,366,SENESCENCE,3001.5923076923063,0.0,0.0,25.8,65.8483974824277,0.0,0.0,0.0,0.0,2.9134614441402853,7.681717575977591,0.0006547079492182795,9.227730253605849,0.0,0.02533719763474742
