Row,DAP_DSSAT,DAP_Python,DAP_Diff,DAP_PctDiff,LAID_DSSAT,LAID_Python,LAID_Diff,LAID_PctDiff,LWAD_DSSAT,LWAD_Python,LWAD_Diff,LWAD_PctDiff,SWAD_DSSAT,SWAD_Python,SWAD_Diff,SWAD_PctDiff,GWAD_DSSAT,GWAD_Python,GWAD_Diff,GWAD_PctDiff,RWAD_DSSAT,RWAD_Python,RWAD_Diff,RWAD_PctDiff,VWAD_DSSAT,VWAD_Python,VWAD_Diff,VWAD_PctDiff,G#AD_DSSAT,G#AD_Python,G#AD_Diff,G#AD_PctDiff,WSPD_DSSAT,WSPD_Python,WSPD_Diff,WSPD_PctDiff,RDPD_DSSAT,RDPD_Python,RDPD_Diff,RDPD_PctDiff
0,0,1,-1,inf,0.065,0.0004747484634359635,0.06452525153656404,99.26961774856005,49,0.023737423171798173,48.976262576828205,99.95155627924123,74,0.011868711585899087,73.9881312884141,99.98396120055959,0,0.0,0.0,0.0,52,0.023737423171798173,51.976262576828205,99.95435110928501,123,0.05934355792949543,122.9406564420705,99.95175320493537,0,0.0,0.0,0.0,0.0,0.0,0.0,0.0,0.13,5.2,-5.07,-3900.0
1,1,2,-1,-100.0,0.065,0.00047648142446770134,0.0645235185755323,99.26695165466508,49,0.023824071223385066,48.97617592877661,99.95137944648287,74,0.011912035611692533,73.98808796438831,99.9839026545788,0,0.0,0.0,0.0,52,0.023824071223385066,51.97617592877661,99.95418447841656,123,0.059560178058462664,122.94043982194154,99.95157709100938,0,0.0,0.0,0.0,0.0,0.0,0.0,0.0,0.15,5.4,-5.25,-3500.0
2,2,3,-1,-50.0,0.065,0.00047648142446770134,0.0645235185755323,99.26695165466508,49,0.023824071223385066,48.97617592877661,99.95137944648287,79,0.011912035611692533,78.98808796438831,99.98492147390927,0,0.0,0.0,0.0,55,0.023824071223385066,54.97617592877661,99.95668350686657,128,0.059560178058462664,127.94043982194154,99.95346861089183,0,0.0,0.0,0.0,0.0,0.18701915503462782,-0.18701915503462782,inf,0.18,5.6000000000000005,-5.420000000000001,-3011.1111111111118
3,3,4,-1,-33.33333333333333,0.065,0.00047648142446770134,0.0645235185755323,99.26695165466508,49,0.023824071223385066,48.97617592877661,99.95137944648287,84,0.011912035611692533,83.98808796438831,99.98581900522419,0,0.0,0.0,0.0,60,0.023824071223385066,59.97617592877661,99.96029321462768,133,0.059560178058462664,132.94043982194154,99.95521791123424,0,0.0,0.0,0.0,0.0,0.06801290986709459,-0.06801290986709459,inf,0.2,5.800000000000001,-5.6000000000000005,-2800.0
4,4,5,-1,-25.0,0.065,0.0004766076695294878,0.06452339233047051,99.26675743149309,48,0.02383038347647439,47.97616961652353,99.95035336775734,90,0.011915191738237196,89.98808480826176,99.98676089806862,0,0.0,0.0,0.0,64,0.02383038347647439,63.97616961652353,99.96276502581802,139,0.05957595869118598,138.9404240413088,99.95713959806388,0,0.0,0.0,0.0,0.0,0.30414869051434695,-0.30414869051434695,inf,0.22,6.000000000000001,-5.780000000000001,-2627.2727272727275
5,5,6,-1,-20.0,0.064,0.0004766076695294878,0.06352339233047051,99.25530051636017,48,0.02383038347647439,47.97616961652353,99.95035336775734,93,0.011915191738237196,92.98808480826176,99.98718796587286,0,0.0,0.0,0.0,66,0.02383038347647439,65.97616961652352,99.96389335836898,141,0.05957595869118598,140.9404240413088,99.95774754702752,0,0.0,0.0,0.0,0.0,0.20596935826939206,-0.20596935826939206,inf,0.25,6.200000000000001,-5.950000000000001,-2380.0000000000005
6,6,7,-1,-16.666666666666664,0.064,0.0004766076695294878,0.06352339233047051,99.25530051636017,48,0.02383038347647439,47.97616961652353,99.95035336775734,98,0.011915191738237196,97.98808480826176,99.98784164108343,0,0.0,0.0,0.0,71,0.02383038347647439,70.97616961652352,99.96643607961059,146,0.05957595869118598,145.9404240413088,99.95919454884165,0,0.0,0.0,0.0,0.0,0.1475554818686942,-0.1475554818686942,inf,0.27,6.400000000000001,-6.130000000000001,-2270.3703703703704
7,7,8,-1,-14.285714285714285,0.064,0.0004766076695294878,0.06352339233047051,99.25530051636017,47,0.02383038347647439,46.97616961652353,99.94929705643304,105,0.011915191738237196,104.98808480826176,99.98865219834452,0,0.0,0.0,0.0,76,0.02383038347647439,75.97616961652352,99.96864423226779,152,0.05957595869118598,151.9404240413088,99.96080529033475,0,0.0,0.0,0.0,0.0,0.10897569464502047,-0.10897569464502047,inf,0.3,6.600000000000001,-6.300000000000002,-2100.000000000001
8,8,9,-1,-12.5,0.063,0.0004766076695294878,0.06252339233047051,99.24347988963574,47,0.02383038347647439,46.97616961652353,99.94929705643304,112,0.011915191738237196,111.98808480826176,99.989361435948,0,0.0,0.0,0.0,82,0.02383038347647439,81.97616961652352,99.970938556736,159,0.05957595869118598,158.9404240413088,99.96253084359044,0,0.0,0.0,0.0,0.0,0.0,0.0,0.0,0.32,6.800000000000002,-6.480000000000001,-2025.0000000000005
9,9,10,-1,-11.11111111111111,0.064,0.0004766076695294878,0.06352339233047051,99.25530051636017,48,0.02383038347647439,47.97616961652353,99.95035336775734,119,0.011915191738237196,118.98808480826176,99.9899872338334,0,0.0,0.0,0.0,88,0.02383038347647439,87.97616961652352,99.97292001877672,166,0.05957595869118598,165.9404240413088,99.96411086825832,0,0.0,0.0,0.0,0.0,0.11603550007677024,-0.11603550007677024,inf,0.35,7.000000000000002,-6.650000000000002,-1900.0000000000007
10,10,11,-1,-10.0,0.065,0.000477875210049205,0.0645221247899508,99.26480736915508,48,0.023893760502460247,47.97610623949754,99.95022133228653,125,0.011946880251230124,124.98805311974877,99.99044249579902,0,0.0,0.0,0.0,93,0.023893760502460247,92.97610623949754,99.97430778440595,173,0.05973440125615062,172.94026559874385,99.96547144436062,0,0.0,0.0,0.0,0.0,0.0,0.0,0.0,0.37,7.200000000000002,-6.830000000000002,-1845.9459459459463
11,11,12,-1,-9.090909090909092,0.071,0.0004799706751514056,0.07052002932484859,99.32398496457549,51,0.02399853375757028,50.97600146624243,99.95294405145575,129,0.01199926687878514,128.98800073312123,99.99069824272964,0,0.0,0.0,0.0,96,0.02399853375757028,95.97600146624244,99.97500152733588,180,0.059996334393925696,179.94000366560607,99.96666870311448,0,0.0,0.0,0.0,0.0,0.2449658888945088,-0.2449658888945088,inf,0.39,7.400000000000002,-7.0100000000000025,-1797.4358974358981
12,12,13,-1,-8.333333333333332,0.076,0.0004802116762889214,0.07551978832371108,99.36814253119879,54,0.024010583814446068,53.975989416185556,99.95553595589918,132,0.012005291907223034,131.98799470809277,99.99090508188846,0,0.0,0.0,0.0,98,0.024010583814446068,97.97598941618556,99.97549940427098,186,0.06002645953611517,185.93997354046388,99.96772770992682,0,0.0,0.0,0.0,0.0,0.21250460458436587,-0.21250460458436587,inf,0.42,7.600000000000002,-7.180000000000002,-1709.52380952381
13,13,14,-1,-7.6923076923076925,0.084,0.0004802116762889214,0.08351978832371108,99.42831943298938,58,0.024010583814446068,57.975989416185556,99.95860244169923,136,0.012005291907223034,135.98799470809277,99.99117257947998,0,0.0,0.0,0.0,101,0.024010583814446068,100.97598941618556,99.97622714473817,194,0.06002645953611517,193.93997354046388,99.9690585260123,0,0.0,0.0,0.0,0.0,0.0,0.0,0.0,0.44,7.8000000000000025,-7.360000000000002,-1672.727272727273
14,14,15,-1,-7.142857142857142,0.092,0.0004802116762889214,0.09151978832371108,99.47803078664248,62,0.024010583814446068,61.975989416185556,99.96127325191219,142,0.012005291907223034,141.98799470809277,99.99154556907942,0,0.0,0.0,0.0,106,0.024010583814446068,105.97598941618556,99.97734850583542,204,0.06002645953611517,203.93997354046388,99.97057526493327,0,0.0,0.0,0.0,0.0,0.07746068792654964,-0.07746068792654964,inf,0.47,8.000000000000002,-7.530000000000002,-1602.1276595744687
15,15,16,-1,-6.666666666666667,0.1,0.0004802116762889214,0.09951978832371108,99.51978832371108,67,0.024010583814446068,66.97598941618556,99.96416330773964,148,0.012005291907223034,147.98799470809277,99.9918883162789,0,0.0,0.0,0.0,112,0.024010583814446068,111.97598941618556,99.9785619787371,216,0.06002645953611517,215.93997354046388,99.97220997243699,0,0.0,0.0,0.0,0.0,0.14220268526395172,-0.14220268526395172,inf,0.49,8.200000000000001,-7.710000000000001,-1573.4693877551022
16,16,17,-1,-6.25,0.109,0.0004802116762889214,0.10851978832371108,99.55943882909273,73,0.024010583814446068,72.97598941618556,99.96710878929528,155,0.012005291907223034,154.98799470809277,99.99225465038243,0,0.0,0.0,0.0,118,0.024010583814446068,117.97598941618556,99.97965204761488,228,0.06002645953611517,227.93997354046388,99.97367260546662,0,0.0,0.0,0.0,0.0,0.20634921056504807,-0.20634921056504807,inf,0.52,8.4,-7.880000000000001,-1515.3846153846155
17,17,18,-1,-5.88235294117647,0.118,0.0004802116762889214,0.11751978832371107,99.59304095229753,80,0.024010583814446068,79.97598941618556,99.96998677023194,162,0.012005291907223034,161.98799470809277,99.99258932598319,0,0.0,0.0,0.0,125,0.024010583814446068,124.97598941618556,99.98079153294844,242,0.06002645953611517,241.93997354046388,99.97519567787764,0,0.0,0.0,0.0,0.0,0.17753458505082192,-0.17753458505082192,inf,0.54,8.6,-8.059999999999999,-1492.5925925925922
18,18,19,-1,-5.555555555555555,0.127,0.0004802116762889214,0.12651978832371108,99.62188056985124,86,0.024010583814446068,85.97598941618556,99.97208071649483,170,0.012005291907223034,169.98799470809277,99.99293806358398,0,0.0,0.0,0.0,132,0.024010583814446068,131.97598941618554,99.98181016377693,256,0.06002645953611517,255.93997354046388,99.9765521642437,0,0.0,0.0,0.0,0.0,0.14940154528047603,-0.14940154528047603,inf,0.56,8.799999999999999,-8.239999999999998,-1471.428571428571
19,19,20,-1,-5.263157894736842,0.138,0.0004818179824210886,0.13751818201757893,99.65085653447747,93,0.02409089912105443,92.97590910087895,99.97409580739672,177,0.012045449560527215,176.98795455043947,99.99319466126524,0,0.0,0.0,0.0,139,0.02409089912105443,138.97590910087894,99.98266841789851,269,0.06022724780263607,268.93977275219737,99.9776106885492,0,0.0,0.0,0.0,0.0,0.20358362371393315,-0.20358362371393315,inf,0.58,8.999999999999998,-8.419999999999998,-1451.7241379310344
20,20,21,-1,-5.0,0.149,0.00048486398311288584,0.1485151360168871,99.6745879307967,99,0.024243199155644293,98.97575680084435,99.9755119200448,183,0.012136829581281133,182.9878631704187,99.99336785268783,0,0.0,0.0,0.0,146,0.024151819134890375,145.9758481808651,99.9834576581268,282,0.0605318478718158,281.9394681521282,99.97853480571922,0,0.0,0.0,0.0,0.0,0.1250165203814519,-0.1250165203814519,inf,0.61,9.099999999999998,-8.489999999999998,-1391.8032786885244
21,21,22,-1,-4.761904761904762,0.16,0.00048486398311288584,0.1595151360168871,99.69696001055443,105,0.024243199155644293,104.97575680084435,99.97691123889938,188,0.012136829581281133,187.9878631704187,99.99354423958442,0,0.0,0.0,0.0,153,0.024151819134890375,152.9758481808651,99.98421449729746,293,0.0605318478718158,292.9394681521282,99.97934066625535,0,0.0,0.0,0.0,0.0,0.1542615115899529,-0.1542615115899529,inf,0.63,9.199999999999998,-8.569999999999997,-1360.3174603174598
22,22,23,-1,-4.545454545454546,0.177,0.00048486398311288584,0.1765151360168871,99.7260655462639,113,0.024243199155644293,112.97575680084435,99.97854584145517,196,0.012136829581281133,195.9878631704187,99.99380774000954,0,0.0,0.0,0.0,163,0.024151819134890375,162.9758481808651,99.98518293304608,310,0.0605318478718158,309.9394681521282,99.9804735974607,0,0.0,0.0,0.0,0.0,0.19144194200762768,-0.19144194200762768,inf,0.66,9.299999999999997,-8.639999999999997,-1309.0909090909086
23,23,24,-1,-4.3478260869565215,0.188,0.00048486398311288584,0.1875151360168871,99.74209362600378,124,0.024243199155644293,123.97575680084435,99.98044903293899,205,0.012136829581281133,204.9878631704187,99.9940795953262,0,0.0,0.0,0.0,175,0.024151819134890375,174.9758481808651,99.98619896049435,329,0.0605318478718158,328.9394681521282,99.98160126204505,0,0.0,0.0,0.0,0.0,0.11949436516558828,-0.11949436516558828,inf,0.68,9.399999999999997,-8.719999999999997,-1282.35294117647
24,24,25,-1,-4.166666666666666,0.201,0.00048569938617175416,0.20051430061382824,99.7583585143424,134,0.024284969308587707,133.97571503069142,99.98187688857568,215,0.012161891673047182,214.98783810832694,99.99434330619857,0,0.0,0.0,0.0,188,0.02416852719606774,187.97583147280392,99.98714440042762,349,0.06061538817770263,348.9393846118223,99.98263169393189,0,0.0,0.0,0.0,0.0,0.148614513784502,-0.148614513784502,inf,0.69,9.499999999999996,-8.809999999999997,-1276.8115942028983
25,25,26,-1,-4.0,0.216,0.00048569938617175416,0.21551430061382823,99.77513917306862,145,0.024284969308587707,144.97571503069142,99.98325174530443,224,0.012161891673047182,223.98783810832694,99.99457058407452,0,0.0,0.0,0.0,201,0.02416852719606774,200.97583147280392,99.98797585711637,369,0.06061538817770263,368.9393846118223,99.98357306553449,0,0.0,0.0,0.0,0.0,0.0,0.0,0.0,0.71,9.599999999999996,-8.889999999999997,-1252.1126760563377
26,26,27,-1,-3.8461538461538463,0.231,0.00048569938617175416,0.23051430061382824,99.78974052546677,155,0.024284969308587707,154.97571503069142,99.98433227786543,233,0.012161891673047182,232.98783810832694,99.99478030400299,0,0.0,0.0,0.0,213,0.02416852719606774,212.97583147280392,99.98865327361686,388,0.06061538817770263,387.9393846118223,99.98437747727378,0,0.0,0.0,0.0,0.0,0.0,0.0,0.0,0.73,9.699999999999996,-8.969999999999995,-1228.7671232876705
27,27,28,-1,-3.7037037037037033,0.249,0.0004886837733455022,0.2485113162266545,99.80374145648776,165,0.024434188667275106,164.97556581133273,99.98519140080772,242,0.01225142328825962,241.98774857671174,99.99493742839329,0,0.0,0.0,0.0,224,0.0242282149395427,223.97577178506046,99.98918383261628,406,0.060913826895077426,405.9390861731049,99.98499659436081,0,0.0,0.0,0.0,0.0,0.2009943740779298,-0.2009943740779298,inf,0.76,9.799999999999995,-9.039999999999996,-1189.4736842105256
28,28,29,-1,-3.571428571428571,0.267,0.0004886837733455022,0.2665113162266545,99.81697236953353,173,0.024434188667275106,172.97556581133273,99.98587619152181,250,0.01225142328825962,249.98774857671174,99.9950994306847,0,0.0,0.0,0.0,234,0.0242282149395427,233.97577178506046,99.98964606199165,423,0.060913826895077426,422.9390861731049,99.9855995681099,0,0.0,0.0,0.0,0.0,0.0,0.0,0.0,0.78,9.899999999999995,-9.119999999999996,-1169.2307692307686
29,29,30,-1,-3.4482758620689653,0.285,0.0004886837733455022,0.2845113162266545,99.82853200935246,185,0.024434188667275106,184.97556581133273,99.98679233045013,260,0.01225142328825962,259.98774857671174,99.9952879141199,0,0.0,0.0,0.0,248,0.0242282149395427,247.97577178506046,99.99023055849212,446,0.060913826895077426,445.9390861731049,99.98634219127912,0,0.0,0.0,0.0,0.0,0.0,0.0,0.0,0.81,9.999999999999995,-9.189999999999994,-1134.5679012345672
30,30,31,-1,-3.3333333333333335,0.301,0.0004886837733455022,0.3005113162266545,99.83764658692841,195,0.024434188667275106,194.97556581133273,99.9874696468373,269,0.01225142328825962,268.98774857671174,99.99544556755083,0,0.0,0.0,0.0,260,0.0242282149395427,259.97577178506043,99.99068145579247,464,0.060913826895077426,463.9390861731049,99.9868720200657,0,0.0,0.0,0.0,0.0,0.0,0.0,0.0,0.83,10.099999999999994,-9.269999999999994,-1116.8674698795173
31,31,32,-1,-3.225806451612903,0.313,0.0004886837733455022,0.3125113162266545,99.84387099893115,201,0.024434188667275106,200.97556581133273,99.98784368723021,274,0.01225142328825962,273.98774857671174,99.99552867763202,0,0.0,0.0,0.0,266,0.0242282149395427,265.97577178506043,99.99089164851895,475,0.060913826895077426,474.9390861731049,99.98717603644313,0,0.0,0.0,0.0,0.0,0.07050751588802737,-0.07050751588802737,inf,0.85,10.199999999999994,-9.349999999999994,-1099.9999999999993
32,32,33,-1,-3.125,0.334,0.0004919651840017169,0.3335080348159983,99.85270503473002,214,0.024598259200085845,213.97540174079992,99.98850548635511,287,0.012349865607946063,286.987650134392,99.995696910938,0,0.0,0.0,0.0,282,0.024293843152666993,281.9757061568473,99.99138516200259,501,0.0612419679606989,500.9387580320393,99.98777605429926,0,0.0,0.0,0.0,0.0,0.20002823733168612,-0.20002823733168612,inf,0.87,10.299999999999994,-9.429999999999994,-1083.908045977011
33,33,34,-1,-3.0303030303030303,0.356,0.0004954531195952449,0.3555045468804047,99.86082777539458,229,0.024772655979762248,228.97522734402023,99.98918224629703,300,0.012454503675751906,299.98754549632423,99.99584849877475,0,0.0,0.0,0.0,299,0.024363601864537555,298.97563639813546,99.99185163817239,529,0.061590761520051704,528.93840923848,99.98835713392815,0,0.0,0.0,0.0,0.0,0.1843384023016954,-0.1843384023016954,inf,0.9,10.399999999999993,-9.499999999999993,-1055.5555555555547
34,34,35,-1,-2.941176470588235,0.378,0.0004973295042138442,0.3775026704957862,99.86843134809158,244,0.02486647521069221,243.9751335247893,99.98980882163497,314,0.012510795214309882,313.9874892047857,99.99601567031391,0,0.0,0.0,0.0,317,0.02440112955690954,316.9755988704431,99.99230248278963,558,0.06177839998191163,557.9382216000181,99.98892860215378,0,0.0,0.0,0.0,0.0,0.1640040684278326,-0.1640040684278326,inf,0.92,10.499999999999993,-9.579999999999993,-1041.3043478260863
35,35,36,-1,-2.857142857142857,0.398,0.0004973295042138442,0.3975026704957862,99.87504283813723,259,0.02486647521069221,258.9751335247893,99.9903990443202,328,0.012510795214309882,327.9874892047857,99.99618573316637,0,0.0,0.0,0.0,334,0.02440112955690954,333.9755988704431,99.99269427258776,587,0.06177839998191163,586.9382216000181,99.98947557070154,77,0.0,77.0,100.0,0.0,0.091041188293433,-0.091041188293433,inf,0.94,10.599999999999993,-9.659999999999993,-1027.6595744680844
36,36,37,-1,-2.7777777777777777,0.413,0.0004973295042138442,0.41250267049578615,99.87958123384652,268,0.02486647521069221,267.9751335247893,99.99072146447364,336,0.012510795214309882,335.9874892047857,99.99627654904334,0,0.0,0.0,0.0,344,0.02440112955690954,343.9755988704431,99.99290664838462,603,0.06177839998191163,602.9382216000181,99.98975482587365,110,0.0,110.0,100.0,0.0,0.0409469847817903,-0.0409469847817903,inf,0.96,10.699999999999992,-9.739999999999991,-1014.5833333333325
37,37,38,-1,-2.7027027027027026,0.435,0.0004973295042138442,0.43450267049578617,99.88567137834164,283,0.02486647521069221,282.9751335247893,99.99121325964288,350,0.012510795214309882,349.9874892047857,99.99642548708162,1,0.0,1.0,100.0,362,0.02440112955690954,361.9755988704431,99.99325935647599,633,0.06177839998191163,632.9382216000181,99.99024037914978,137,0.0,137.0,100.0,0.0,0.037192900345537905,-0.037192900345537905,inf,0.98,10.799999999999992,-9.819999999999991,-1002.0408163265298
38,38,39,-1,-2.631578947368421,0.456,0.0004973295042138442,0.4555026704957862,99.89093651223381,296,0.02486647521069221,295.9751335247893,99.99159916378018,362,0.012510795214309882,361.9874892047857,99.99654397922257,1,0.0,1.0,100.0,377,0.02440112955690954,376.9755988704431,99.99352755184167,658,0.06177839998191163,657.9382216000181,99.99061118541309,185,0.0,185.0,100.0,0.0,0.02955057265580501,-0.02955057265580501,inf,1.0,10.899999999999991,-9.899999999999991,-989.9999999999991
39,39,40,-1,-2.564102564102564,0.468,0.0005030563665248683,0.46749694363347516,99.89250932339212,300,0.02515281832624341,299.97484718167374,99.99161572722458,367,0.012682601083640603,366.98731739891633,99.99654425038592,2,0.0,2.0,100.0,381,0.02451566680313002,380.97548433319685,99.99356544178394,667,0.06235108621301403,666.937648913787,99.99065201106252,237,0.0,237.0,100.0,0.0,0.18148144729339052,-0.18148144729339052,inf,1.03,10.999999999999991,-9.969999999999992,-967.9611650485429
40,40,41,-1,-2.5,0.475,0.0005088097282193053,0.47449119027178066,99.89288216248015,304,0.025440486410965264,303.97455951358904,99.99163141894375,370,0.012855201934473714,369.9871447980655,99.99652562109878,2,0.0,2.0,100.0,384,0.02463073403701876,383.97536926596297,99.99358574634452,674,0.06292642238245774,673.9370735776175,99.99066373555156,281,0.0,281.0,100.0,0.0,0.22670090599149836,-0.22670090599149836,inf,1.05,11.09999999999999,-10.04999999999999,-957.1428571428562
41,41,42,-1,-2.4390243902439024,0.492,0.0005162549329427105,0.4914837450670573,99.89507013558074,318,0.025812746647135523,317.97418725335285,99.99188278407323,383,0.01307855807617587,382.9869214419238,99.99658523287827,3,0.0,3.0,100.0,400,0.024779638131486866,399.97522036186854,99.99380509046713,701,0.06367094285479827,700.9363290571453,99.99091712655425,281,0.0,281.0,100.0,0.0,0.15274458324086837,-0.15274458324086837,inf,1.06,11.19999999999999,-10.13999999999999,-956.6037735849047
42,42,43,-1,-2.380952380952381,0.512,0.0005171685220456285,0.5114828314779544,99.89899052303795,334,0.025858426102281427,333.9741415738977,99.99225795625681,397,0.013105965749263412,396.9868940342507,99.99669874918155,3,0.0,3.0,100.0,418,0.024797909913545226,417.97520209008644,99.99406748566662,731,0.06376230176509007,730.9362376982349,99.99127738689944,322,0.0,322.0,100.0,0.0,0.05545764496052913,-0.05545764496052913,inf,1.07,11.29999999999999,-10.22999999999999,-956.0747663551392
43,43,44,-1,-2.3255813953488373,0.531,0.0005195089008505336,0.5304804910991495,99.90216404880404,345,0.02597544504252668,344.97402455495745,99.99247088549491,408,0.013176177113410563,407.9868238228866,99.99677054482515,4,0.0,4.0,100.0,431,0.024844717489643325,430.97515528251034,99.99423556438755,754,0.06399633964558057,753.9360036603545,99.99151242179767,335,0.0,335.0,100.0,0.0,0.1206561792159093,-0.1206561792159093,inf,1.09,11.39999999999999,-10.30999999999999,-945.8715596330264
44,44,45,-1,-2.272727272727273,0.545,0.000521810101821782,0.5444781898981783,99.90425502718867,350,0.026090505091089095,349.9739094949089,99.99254556997398,413,0.013245213142548012,412.98675478685743,99.99679292659987,6,0.0,6.0,100.0,435,0.024890741509068292,434.97510925849093,99.99427799045768,763,0.0642264597427054,762.9357735402573,99.99158237749113,343,0.0,343.0,100.0,0.0,0.18525276831855356,-0.18525276831855356,inf,1.12,11.49999999999999,-10.379999999999988,-926.7857142857132
45,45,46,-1,-2.2222222222222223,0.564,0.0005247489063064392,0.5634752510936935,99.90695941377544,358,0.026237445315321958,357.9737625546847,99.99267110466053,421,0.01333337727708773,420.9866666227229,99.99683292701256,7,0.0,7.0,100.0,444,0.024949517598761437,443.97505048240123,99.99438073927955,780,0.06452034019117113,779.9354796598088,99.99172816151395,356,0.0,356.0,100.0,0.0,0.15735322941049437,-0.15735322941049437,inf,1.15,11.599999999999989,-10.449999999999989,-908.6956521739122
46,46,47,-1,-2.1739130434782608,0.584,0.0005285531358298907,0.5834714468641701,99.90949432605653,367,0.026427656791494534,366.9735723432085,99.99279900359905,430,0.013447504162791276,429.9865524958372,99.99687267345051,4,0.0,4.0,100.0,453,0.02502560218923047,452.9749743978108,99.9944755845057,798,0.06490076314351628,797.9350992368564,99.99186707228777,374,0.0,374.0,100.0,0.0,0.21257730864378557,-0.21257730864378557,inf,1.17,11.699999999999989,-10.529999999999989,-899.9999999999991
47,47,48,-1,-2.127659574468085,0.591,0.0005351872347011838,0.5904648127652988,99.90944378431453,368,0.02675936173505919,367.97324063826494,99.99272843431113,432,0.013646527128930068,431.9863534728711,99.99684108168312,5,0.0,5.0,100.0,453,0.02515828416665633,452.97484171583335,99.99444629488595,800,0.06556417303064559,799.9344358269693,99.99180447837117,259,0.0,259.0,100.0,0.0,0.25301043849901944,-0.25301043849901944,inf,1.2,11.799999999999988,-10.599999999999989,-883.3333333333325
48,48,49,-1,-2.083333333333333,0.603,0.0005421247602103947,0.6024578752397896,99.91009539631668,375,0.027106238010519732,374.9728937619895,99.99277166986387,438,0.013854652894206393,437.9861453471058,99.99683683723876,6,0.0,6.0,100.0,459,0.02529703467684055,458.97470296532316,99.9944886634691,813,0.06625792558156668,812.9337420744184,99.99185019365541,275,0.0,275.0,100.0,0.0,0.24599930067075026,-0.24599930067075026,inf,1.22,11.899999999999988,-10.679999999999987,-875.4098360655728
49,49,50,-1,-2.0408163265306123,0.629,0.0005503024448858418,0.6284496975551142,99.9125115349943,395,0.02751512224429209,394.97248487775573,99.99303414626728,457,0.014099983434469807,456.98590001656555,99.99691466445636,6,0.0,6.0,100.0,481,0.02546058837034949,480.9745394116297,99.99470673838455,852,0.06707569404911139,851.9329243059509,99.99212726595668,290,0.0,290.0,100.0,0.0,0.24358765596334414,-0.24358765596334414,inf,1.24,11.999999999999988,-10.759999999999987,-867.74193548387
50,50,51,-1,-2.0,0.651,0.0005586993974319781,0.650441300602568,99.91417827996436,416,0.027934969871598908,415.9720650301284,99.99328486301164,476,0.0143518920108539,475.98564810798916,99.99698489663638,7,0.0,7.0,100.0,505,0.025628527421272217,504.97437147257875,99.994925044075,892,0.06791538930372502,891.9320846106963,99.99238616711843,290,0.0,290.0,100.0,0.0,0.21183008248500526,-0.21183008248500526,inf,1.25,12.099999999999987,-10.849999999999987,-867.9999999999989
51,51,52,-1,-1.9607843137254901,0.679,0.0005586993974319781,0.678441300602568,99.91771731996583,436,0.027934969871598908,435.9720650301284,99.99359289681844,495,0.0143518920108539,494.98564810798916,99.9971006278766,7,0.0,7.0,100.0,528,0.025628527421272217,527.9743714725787,99.99514611223081,932,0.06791538930372502,931.9320846106963,99.99271294106184,322,0.0,322.0,100.0,0.0,0.014716823156375002,-0.014716823156375002,inf,1.27,12.199999999999987,-10.929999999999987,-860.6299212598415
52,52,53,-1,-1.9230769230769231,0.706,0.0005602348510337526,0.7054397651489662,99.9206466216666,454,0.02801174255168763,453.9719882574483,99.9938300126538,512,0.014397955618907131,511.9856020443811,99.99718789929318,8,0.0,8.0,100.0,547,0.025659236493307706,546.9743407635067,99.99530909753321,966,0.06806893466390246,965.9319310653361,99.99295352643232,343,0.0,343.0,100.0,0.0,0.10302620825543861,-0.10302620825543861,inf,1.29,12.299999999999986,-11.009999999999987,-853.4883720930222
53,53,54,-1,-1.8867924528301887,0.732,0.0005658924100006905,0.7314341075899993,99.92269229371576,468,0.028294620500034527,467.97170537949995,99.99395414091879,526,0.014610114080167304,525.9853898859199,99.99722241177183,2,0.00014143897417344867,1.9998585610258266,99.99292805129133,563,0.02572995598039443,562.9742700440196,99.99542984796085,995,0.0687761295347697,994.9312238704653,99.99308782617742,354,1.9606760320220147,352.03932396797796,99.44613671411807,0.0,0.17448337260612776,-0.17448337260612776,inf,1.31,12.349999999999987,-11.039999999999987,-842.7480916030523
54,54,55,-1,-1.8518518518518516,0.759,0.0005706502143529664,0.758429349785647,99.92481551853056,479,0.02853251071764832,478.97146748928236,99.99404331717795,538,0.01478853174337765,537.9852114682566,99.99725120227816,2,0.0002603840829803456,1.9997396159170198,99.98698079585098,574,0.02578942853479788,573.9742105714652,99.9955070681995,1017,0.0693708550788042,1016.9306291449212,99.99317887364025,170,3.9605655846844696,166.03943441531553,97.6702555384209,0.0,0.1467476844589798,-0.1467476844589798,inf,1.34,12.399999999999988,-11.059999999999988,-825.3731343283572
55,55,56,-1,-1.8181818181818181,0.787,0.0005780905139178625,0.7864219094860821,99.9265450427042,492,0.028904525695893128,491.9710954743041,99.99412509640328,550,0.015067542977061258,549.984932457023,99.99726044673145,3,0.00044639157210275057,2.999553608427897,99.9851202809299,588,0.02588243227935908,587.9741175677207,99.99559822580284,1042,0.07030089252441621,1041.9296991074755,99.9932532732702,232,6.000452928400174,225.99954707159984,97.41359787568959,0.0,0.14272537944498126,-0.14272537944498126,inf,1.37,12.449999999999989,-11.079999999999988,-808.7591240875902
56,56,57,-1,-1.7857142857142856,0.817,0.0005780905139178625,0.8164219094860821,99.92924228715815,507,0.028904525695893128,506.9710954743041,99.99429891011916,566,0.015067542977061258,565.984932457023,99.99733788993339,2,0.00044639157210275057,1.9995536084278973,99.97768042139487,604,0.02588243227935908,603.9741175677207,99.99571482909283,1073,0.07030089252441621,1072.9296991074755,99.99344819268178,265,8.081138018990192,256.9188619810098,96.95051395509805,0.0,0.06611068711566874,-0.06611068711566874,inf,1.39,12.49999999999999,-11.109999999999989,-799.2805755395675
57,57,58,-1,-1.7543859649122806,0.849,0.0005780905139178625,0.8484219094860821,99.93190924453263,521,0.028904525695893128,520.9710954743041,99.99445210639234,580,0.015067542977061258,579.984932457023,99.99740214776259,3,0.00044639157210275057,2.999553608427897,99.9851202809299,619,0.02588243227935908,618.9741175677207,99.99581867006796,1101,0.07030089252441621,1100.9296991074755,99.9936148144846,229,10.20343681139201,218.796563188608,95.5443507373834,0.0,0.05245665491580215,-0.05245665491580215,inf,1.42,12.54999999999999,-11.12999999999999,-783.8028169014078
58,58,59,-1,-1.7241379310344827,0.879,0.0005845617885723164,0.8784154382114276,99.93349695238085,535,0.029228089428615822,534.9707719105713,99.99453680571426,594,0.01531021577660328,593.9846897842234,99.99742252259654,4,0.0006081734384640984,3.999391826561536,99.9847956640384,634,0.025963323212539757,633.9740366767875,99.99590483861002,1129,0.07110980185622297,1128.9288901981438,99.99370152330769,267,12.368181579641865,254.63181842035814,95.36772225481577,0.0,0.1900501982925962,-0.1900501982925962,inf,1.44,12.59999999999999,-11.159999999999991,-774.9999999999994
59,59,60,-1,-1.694915254237288,0.894,0.0005914964562906608,0.8934085035437094,99.9338370854261,541,0.02957482281453304,540.9704251771855,99.99453330447051,601,0.015570265816041191,600.984429734184,99.99740927357472,5,0.000781540131422706,4.999218459868577,99.98436919737154,640,0.02605000655901906,639.973949993441,99.99592968647516,1142,0.07197663532101599,1141.928023364679,99.99369731739746,300,14.576221243256718,285.4237787567433,95.1412595855811,0.0,0.2341306393394046,-0.2341306393394046,inf,1.47,12.649999999999991,-11.17999999999999,-760.5442176870743
60,60,61,-1,-1.6666666666666667,0.897,0.0006005223123056967,0.8963994776876943,99.93305213909636,542,0.030026115615284836,541.9699738843847,99.99446012627024,603,0.01590873541660504,602.9840912645834,99.99736173542013,3,0.0010071865317986038,2.9989928134682016,99.96642711560672,640,0.02616282975920701,639.9738371702408,99.99591205785012,1145,0.07310486732289548,1144.9268951326771,99.99361529543032,370,16.828421700143867,353.17157829985615,95.45177791888004,0.0,0.23978479017556323,-0.23978479017556323,inf,1.49,12.699999999999992,-11.209999999999992,-752.34899328859
61,61,62,-1,-1.639344262295082,0.923,0.0006064025083012483,0.9223935974916988,99.9343009200107,562,0.03032012541506242,561.9696798745849,99.99460495989055,622,0.016143943256427103,621.9838560567435,99.99740451073048,4,0.001595206131353766,3.9984047938686462,99.96011984671615,662,0.026221631719162523,661.9737783682808,99.9960390284412,1185,0.07428090652200581,1184.925719093478,99.99373156906987,291,21.332822613918164,269.66717738608185,92.6691331223649,0.0,0.21984256459570378,-0.21984256459570378,inf,1.51,12.724999999999993,-11.214999999999993,-742.715231788079
62,62,63,-1,-1.6129032258064515,0.952,0.0006089555402229069,0.9513910444597771,99.93603408190937,586,0.030447777011145344,585.9695522229889,99.99480413361586,645,0.01624606453329344,644.9837539354667,99.99748123030491,4,0.001850509323519617,3.9981494906764805,99.95373726691201,687,0.02624716203837911,686.9737528379616,99.99617945239615,1231,0.07479151290633751,1230.9252084870936,99.99392432876472,398,25.837223527692462,372.16277647230754,93.50823529454964,0.0,0.13469410392431058,-0.13469410392431058,inf,1.52,12.749999999999993,-11.229999999999993,-738.8157894736838
63,63,64,-1,-1.5873015873015872,0.979,0.0006131268590498924,0.9783868731409501,99.93737212879981,610,0.03065634295249462,609.9693436570475,99.99497437000778,667,0.016412917286372862,666.9835870827136,99.99753929276066,3,0.002267641206218172,2.997732358793782,99.92441195979272,713,0.026288875226648967,712.9737111247733,99.99631292072557,1277,0.07562577667173462,1276.9243742233282,99.99407785617292,398,30.34162444146676,367.65837555853324,92.37647627098825,0.0,0.1661115162090037,-0.1661115162090037,inf,1.53,12.774999999999993,-11.244999999999994,-734.9673202614375
64,64,65,-1,-1.5625,0.994,0.0006131268590498924,0.9933868731409501,99.9383172173994,623,0.03065634295249462,622.9693436570475,99.9950792386914,679,0.016412917286372862,678.9835870827136,99.99758278095929,3,0.002267641206218172,2.997732358793782,99.92441195979272,725,0.026288875226648967,724.9737111247733,99.9963739482446,1302,0.07562577667173462,1301.9243742233282,99.994191568612,395,34.84602535524106,360.15397464475893,91.1782214290529,0.0,0.0,0.0,0.0,1.54,12.799999999999994,-11.259999999999994,-731.1688311688308
65,65,66,-1,-1.5384615384615385,1.025,0.0006147054067391272,1.0243852945932608,99.94002874080594,647,0.030735270336956357,646.969264729663,99.99524957181808,702,0.016476059193942252,701.9835239408061,99.99765298302081,4,0.002425495975141645,3.9975745040248585,99.93936260062146,751,0.026304660703541313,750.9736953392965,99.99649738206344,1349,0.07594148620958156,1348.9240585137904,99.99437053475097,395,39.35042626901536,355.6495737309846,90.03786676733789,0.0,0.09006608474923333,-0.09006608474923333,inf,1.56,12.824999999999994,-11.264999999999993,-722.1153846153842
66,66,67,-1,-1.5151515151515151,1.056,0.0006182191649074791,1.0553817808350925,99.94145651847465,671,0.030910958245373956,670.9690890417546,99.9953932998144,725,0.01661660952067633,724.9833833904793,99.99770805385921,4,0.0027768717919768406,3.9972231282080233,99.93057820520058,776,0.02633979828522483,775.9736602017148,99.99660569609726,1396,0.07664423784325196,1395.9233557621567,99.99450972508286,459,43.854827182789656,415.1451728172103,90.44557141987153,0.0,0.2273043199975954,-0.2273043199975954,inf,1.57,12.849999999999994,-11.279999999999994,-718.4713375796174
67,67,68,-1,-1.4925373134328357,1.085,0.0006238866596026658,1.0843761133403973,99.94249892538224,694,0.031194332980133292,693.9688056670199,99.99550513934004,746,0.0168433093084838,745.9831566906915,99.99774218373881,4,0.003343621261495513,3.9966563787385043,99.9164094684626,800,0.026396473232176698,799.9736035267679,99.99670044084598,1440,0.0777777367822893,1439.9222222632177,99.994598768279,459,48.35922809656395,410.6407719034361,89.46422045826495,0.0,0.23253197223522548,-0.23253197223522548,inf,1.59,12.874999999999995,-11.284999999999995,-709.7484276729556
68,68,69,-1,-1.4705882352941175,1.116,0.000502908779716697,1.1154970912202835,99.95493648927271,716,0.031431798732293556,715.9685682012677,99.99561008397593,768,0.017033281910212007,767.9829667180898,99.99778212475127,4,0.0038185527658160345,3.996181447234184,99.90453618085459,824,0.02644396638260875,823.9735560336173,99.9967907807788,1485,0.07872759979093034,1484.921272400209,99.99469847812857,465,48.35922809656395,416.6407719034361,89.60016600073895,0.0,0.18186830230741177,-0.18186830230741177,inf,1.61,12.899999999999995,-11.289999999999996,-701.2422360248445
69,69,70,-1,-1.4492753623188406,1.144,0.000505040162748102,1.143494959837252,99.95585313262693,735,0.03156501017175638,734.9684349898282,99.99570544079296,786,0.017139851061782264,785.9828601489382,99.99781935737127,6,0.004084975644741677,5.995915024355258,99.93191707258764,843,0.026470608670501314,842.9735293913295,99.99685995152188,1521,0.07926044554878163,1520.9207395544513,99.99478892534196,518,48.35922809656395,469.6407719034361,90.66424168020002,0.0,0.2174510662071033,-0.2174510662071033,inf,1.63,12.924999999999995,-11.294999999999995,-692.9447852760734
70,70,71,-1,-1.4285714285714286,1.175,0.0005058593397253786,1.1744941406602747,99.95694814129997,759,0.03161620873283616,758.9683837912671,99.99583449160305,809,0.017180809910646088,808.9828191900893,99.99787629049311,5,0.0041873727669012395,4.995812627233099,99.91625254466199,868,0.02648084838271727,867.9735191516173,99.99694921101582,1568,0.07946523979310076,1567.920534760207,99.99493206378871,583,48.35922809656395,534.6407719034361,91.7051066729736,0.0,0.003509471647176248,-0.003509471647176248,inf,1.64,12.949999999999996,-11.309999999999995,-689.6341463414632
71,71,72,-1,-1.4084507042253522,1.207,0.0005086778500504504,1.2064913221499496,99.95785601905133,781,0.03179236562815315,780.9682076343719,99.99592927456746,831,0.017321735426899684,830.9826782645731,99.99791555530362,6,0.004539686557535226,5.995460313442464,99.9243385573744,890,0.026516079761780668,889.9734839202382,99.99702066519531,1612,0.08016986737436874,1611.9198301326255,99.99502668316535,548,48.35922809656395,499.6407719034361,91.17532334004308,0.0,0.20333440856947946,-0.20333440856947946,inf,1.66,12.974999999999996,-11.314999999999996,-681.6265060240962
72,72,73,-1,-1.3888888888888888,1.235,0.000510847700129374,1.2344891522998707,99.95863581375471,798,0.03192798125808587,797.968072018742,99.99599899984236,849,0.01743022793084586,848.9825697720692,99.99794696961945,8,0.004810917817400668,7.995189082182599,99.9398635272825,909,0.026543202887767212,908.9734567971122,99.99707995567792,1648,0.08071232989409963,1647.9192876701059,99.99510240716661,601,48.35922809656395,552.6407719034361,91.95353941820899,0.0,0.24362307385504517,-0.24362307385504517,inf,1.68,12.999999999999996,-11.319999999999997,-673.8095238095236
73,73,74,-1,-1.36986301369863,1.248,0.0005137294670187898,1.2474862705329812,99.95883577988631,804,0.032108091688674366,803.9678919083113,99.99600645625762,856,0.017574316275316654,855.9824256837247,99.99794692566878,10,0.005171138678577653,9.994828861321423,99.94828861321423,913,0.026579224973884912,912.9734207750262,99.99708880339827,1660,0.08143277161645358,1659.9185672283836,99.9950944113484,657,48.35922809656395,608.6407719034361,92.63938689550017,0.0,0.23639733518679001,-0.23639733518679001,inf,1.71,13.024999999999997,-11.314999999999998,-661.6959064327484
74,74,75,-1,-1.3513513513513513,1.261,0.0005159638479108762,1.260484036152089,99.95908296210064,806,0.032247740494429765,805.9677522595056,99.99599903964089,861,0.01768603531992097,860.9823139646801,99.99794587278514,6,0.005450436290088446,5.994549563709912,99.90915939516519,914,0.02660715473503599,913.9733928452649,99.99708893274233,1667,0.08199136683947517,1666.9180086331605,99.9950815016893,716,48.35922809656395,667.6407719034361,93.24591786360838,0.0,0.21271431514492262,-0.21271431514492262,inf,1.73,13.049999999999997,-11.319999999999997,-654.3352601156067
75,75,76,-1,-1.3333333333333335,1.28,0.0005159638479108762,1.2794840361520892,99.95969032438197,812,0.032247740494429765,811.9677522595056,99.99602860338739,869,0.01768603531992097,868.9823139646801,99.9979647830472,8,0.005450436290088446,7.994549563709912,99.9318695463739,919,0.02660715473503599,918.9733928452649,99.99710477097551,1681,0.08199136683947517,1680.9180086331605,99.99512246479242,500,48.35922809656395,451.6407719034361,90.32815438068722,0.0,0.0,0.0,0.0,1.76,13.074999999999998,-11.314999999999998,-642.8977272727271
76,76,77,-1,-1.3157894736842104,1.289,0.0005213122473458052,1.2884786877526542,99.95955684659846,813,0.03258201545911282,812.9674179845409,99.99599237202226,872,0.01795345529166742,871.9820465447083,99.99794111751241,6,0.006118986219454567,5.993881013780546,99.89801689634243,917,0.026674009727972604,916.973325990272,99.99709116578757,1685,0.08332846669820741,1684.9166715333017,99.99505469040366,571,48.35922809656395,522.6407719034361,91.53078317047917,0.0,0.0,0.0,0.0,1.79,13.099999999999998,-11.309999999999999,-631.8435754189943
77,77,78,-1,-1.2987012987012987,1.303,0.0005245096711811125,1.302475490328819,99.95974599607207,822,0.03278185444881953,821.9672181455512,99.99601193984809,882,0.018113326483432782,881.9818866735166,99.99794633486583,7,0.006518664198867977,6.993481335801132,99.90687622573046,926,0.026713977525913944,925.9732860224741,99.9971151212175,1705,0.08412782265703422,1704.9158721773429,99.99506581685296,583,48.35922809656395,534.6407719034361,91.7051066729736,0.0,0.2230915469282494,-0.2230915469282494,inf,1.8,13.124999999999998,-11.324999999999998,-629.1666666666665
78,78,79,-1,-1.282051282051282,1.317,0.0005265485312949864,1.3164734514687049,99.96001909405504,830,0.03290928320593665,829.967090716794,99.99603502611976,891,0.018215269489126475,890.9817847305109,99.99795563754331,9,0.0067735217131022095,8.993226478286898,99.92473864763221,933,0.026739463277337366,932.9732605367227,99.9971340339467,1721,0.0846375376855027,1720.9153624623145,99.99508207218562,759,48.35922809656395,710.6407719034361,93.62856019808117,0.0,0.18350116167077962,-0.18350116167077962,inf,1.8,13.149999999999999,-11.349999999999998,-630.5555555555554
79,79,80,-1,-1.2658227848101267,1.333,0.0005294364503923485,1.3324705635496077,99.96028233680478,836,0.033089778149521784,835.9669102218505,99.99604189256586,900,0.01835966544399458,899.981640334556,99.9979600371729,12,0.007134511600272478,11.992865488399728,99.9405457366644,938,0.026775562266054393,937.973224437734,99.99714546244498,1736,0.08535951745984324,1735.91464048254,99.99508297710484,917,48.35922809656395,868.6407719034361,94.7263655292733,0.0,0.21264873876770898,-0.21264873876770898,inf,1.8,13.174999999999999,-11.374999999999998,-631.9444444444443
80,80,81,-1,-1.25,1.352,0.0005323986326704295,1.3514676013673297,99.96062140290898,846,0.033274914541901845,845.966725085458,99.99606679497141,911,0.01850777455789863,910.9814922254421,99.99796841113525,16,0.007504784385032603,15.992495215614968,99.95309509759355,948,0.026812589544530405,947.9731874104555,99.99717166776956,1758,0.08610006302936349,1757.9138999369707,99.99510238549321,1051,48.35922809656395,1002.6407719034361,95.39874137996537,0.0,0.1952912944837946,-0.1952912944837946,inf,1.8,13.2,-11.399999999999999,-633.3333333333333
81,81,82,-1,-1.2345679012345678,1.367,0.0005328748328574194,1.3664671251671425,99.9610186662138,854,0.033304677053588715,853.9666953229464,99.99610015491176,921,0.018537537069585497,920.9814624629304,99.99798723810319,8,0.00774288447852754,7.992257115521473,99.9032139440184,954,0.026812589544530405,953.9731874104555,99.99718945602258,1774,0.08639768814623215,1773.9136023118538,99.99512978082603,1187,48.35922809656395,1138.640771903436,95.9259285512583,0.0,0.12880423647922934,-0.12880423647922934,inf,1.8,13.2,-11.399999999999999,-633.3333333333333
82,82,83,-1,-1.2195121951219512,1.353,0.0005328748328574194,1.3524671251671425,99.96061531168829,845,0.033304677053588715,844.9666953229464,99.99605861810016,918,0.018537537069585497,917.9814624629304,99.99798066044994,12,0.00774288447852754,11.992257115521472,99.93547596267894,941,0.026812589544530405,940.9731874104555,99.99715062810365,1763,0.08639768814623215,1762.9136023118538,99.99509939375234,1201,48.35922809656395,1152.640771903436,95.97341980877901,0.0,0.0,0.0,0.0,1.8,13.2,-11.399999999999999,-633.3333333333333
83,83,84,-1,-1.2048192771084338,1.344,0.0005336547697577293,1.3434663452302424,99.96029354391685,838,0.03335342310985808,837.9666465768902,99.99601987791053,914,0.018586283125854867,913.9814137168742,99.99796648981118,17,0.008132852928682493,16.991867147071318,99.9521596886548,933,0.026812589544530405,932.9731874104555,99.9971261961903,1752,0.08688514870892584,1751.913114851291,99.99504080201433,1409,48.35922809656395,1360.640771903436,96.5678333501374,0.0,0.0,0.0,0.0,1.8,13.2,-11.399999999999999,-633.3333333333333
84,84,85,-1,-1.1904761904761905,1.344,0.0005343919788835967,1.3434656080211165,99.96023869204735,838,0.03339949868022479,837.9666005013198,99.99601437963244,914,0.01863235869622158,913.9813676413038,99.99796144872033,17,0.008501457491616196,16.991498542508385,99.94999142651992,933,0.026812589544530405,932.9731874104555,99.9971261961903,1752,0.08734590441259298,1751.9126540955874,99.9950145031728,1409,48.35922809656395,1360.640771903436,96.5678333501374,0.0,0.18497167332424852,-0.18497167332424852,inf,1.8,13.2,-11.399999999999999,-633.3333333333333
