DAP,LAID_DSSAT,LAID_Python,LAID_Diff,LWAD_DSSAT,LWAD_Python,LWAD_Diff,SWAD_DSSAT,SWAD_Python,SWAD_Diff,GWAD_DSSAT,GWAD_Python,GWAD_Diff,RWAD_DSSAT,RWAD_Python,RWAD_Diff,VWAD_DSSAT,VWAD_Python,VWAD_Diff,G#AD_DSSAT,G#AD_Python,G#AD_Diff,RDPD_DSSAT,RDPD_Python,RDPD_Diff
0,0.065,0.065,0.0,49,49.019999999999996,-0.01999999999999602,74,73.96,0.04000000000000625,0,0.0,0.0,52,51.249550000000006,0.7504499999999936,123,122.97999999999999,0.020000000000010232,0,0.0,0.0,0.13,0.125,0.0050000000000000044
1,0.065,0.065,0.0,49,49.019999999999996,-0.01999999999999602,74,81.41426002312092,-7.414260023120917,0,0.0,0.0,52,56.654140599287146,-4.654140599287146,123,130.43426002312088,-7.434260023120885,0,0.0,0.0,0.15,0.15,0.0
2,0.065,0.06475430933706162,0.0002456906629383776,49,48.83540916840841,0.16459083159158894,79,88.85118074965719,-9.851180749657189,0,0.0,0.0,55,62.122440915731794,-7.122440915731794,128,137.6865899180656,-9.686589918065607,0,0.0,0.0,0.18,0.175,0.0050000000000000044
3,0.065,0.06446822676524133,0.0005317732347586701,49,48.620604813133816,0.37939518686618356,84,96.10300429347052,-12.10300429347052,0,0.0,0.0,60,67.43689951457048,-7.436899514570484,133,144.72360910660433,-11.723609106604329,0,0.0,0.0,0.2,0.2,0.0
4,0.065,0.0641827151950259,0.0008172848049741027,48,48.40622730255508,-0.4062273025550809,90,103.15244543065678,-13.152445430656783,0,0.0,0.0,64,72.56689498403338,-8.566894984033382,139,151.55867273321186,-12.558672733211864,0,0.0,0.0,0.22,0.225,-0.0050000000000000044
5,0.064,0.06387703555940669,0.00012296444059331502,48,48.17677829917387,-0.17677829917386845,93,106.17521067794044,-13.175210677940441,0,0.0,0.0,66,74.21430421725903,-8.214304217259027,141,154.3519889771143,-13.351988977114303,0,0.0,0.0,0.25,0.25,0.0
6,0.064,0.06357280158423778,0.00042719841576221995,48,47.94840929246712,0.0515907075328812,98,112.35233628631414,-14.352336286314141,0,0.0,0.0,71,78.63124492323375,-7.631244923233751,146,160.30074557878126,-14.30074557878126,0,0.0,0.0,0.27,0.275,-0.0050000000000000044
7,0.064,0.06326875175176312,0.0007312482482368793,47,47.720177851977134,-0.7201778519771338,105,119.56467683561652,-14.564676835616524,0,0.0,0.0,76,83.96413047267804,-7.964130472678036,152,167.28485468759368,-15.284854687593679,0,0.0,0.0,0.3,0.3,0.0
8,0.063,0.06298547755297455,1.452244702544736e-05,47,47.5074718847813,-0.5074718847813031,112,126.80213963922893,-14.802139639228926,0,0.0,0.0,82,89.30252572585633,-7.302525725856327,159,174.30961152401025,-15.30961152401025,0,0.0,0.0,0.32,0.325,-0.0050000000000000044
9,0.064,0.06270853537873927,0.0012914646212607295,48,47.29949971721443,0.7005002827855691,119,133.88985854494325,-14.889858544943252,0,0.0,0.0,88,94.49344415644822,-6.49344415644822,166,181.1893582621577,-15.189358262157697,0,0.0,0.0,0.35,0.35,0.0
10,0.065,0.06242171198526679,0.0025782880147332127,48,47.084140946618355,0.9158590533816451,125,140.562332172372,-15.56233217237201,0,0.0,0.0,93,99.30302886300754,-6.30302886300754,173,187.64647311899037,-14.646473118990372,0,0.0,0.0,0.37,0.375,-0.0050000000000000044
11,0.071,0.0635142642985079,0.007485735701492094,51,46.8661979523634,4.1338020476366,129,142.79697311613296,-13.79697311613296,0,0.0,0.0,96,102.10966825599562,-6.109668255995615,180,189.66317106849633,-9.663171068496325,0,0.0,0.0,0.39,0.4,-0.010000000000000009
12,0.076,0.06893229275274257,0.007067707247257429,54,49.50727975918938,4.49272024081062,132,145.99924704837645,-13.999247048376446,0,0.0,0.0,98,103.57901022366683,-5.5790102236668275,185,195.5065268075658,-10.506526807565791,0,0.0,0.0,0.42,0.425,-0.0050000000000000044
13,0.084,0.07487799173011177,0.009122008269888238,58,52.494697351238564,5.505302648761436,136,150.31586070315413,-14.31586070315413,0,0.0,0.0,101,106.80590757871916,-5.805907578719157,194,202.81055805439271,-8.810558054392715,0,0.0,0.0,0.44,0.45,-0.010000000000000009
14,0.092,0.08154702066993962,0.010452979330060383,62,56.19291987087665,5.807080129123349,142,155.46824723452195,-13.468247234521954,0,0.0,0.0,106,110.8762411053373,-4.8762411053373,204,211.6611671053986,-7.66116710539859,0,0.0,0.0,0.47,0.475,-0.0050000000000000044
15,0.1,0.08894172559433079,0.011058274405669213,67,60.57388501636621,6.426114983633788,148,161.19834862958737,-13.198348629587372,0,0.0,0.0,112,115.33793264501243,-3.3379326450124296,216,221.77223364595358,-5.772233645953577,0,0.0,0.0,0.49,0.5,-0.010000000000000009
16,0.109,0.0964390303997255,0.012560969600274502,73,65.27078800196618,7.7292119980338185,155,167.3915167425061,-12.391516742506099,0,0.0,0.0,118,120.413562183036,-2.4135621830360066,228,232.6623047444723,-4.662304744472294,0,0.0,0.0,0.52,0.525,-0.0050000000000000044
17,0.118,0.10347950495562816,0.014520495044371834,80,70.5014867463545,9.498513253645498,162,173.74642396057766,-11.746423960577658,0,0.0,0.0,125,125.5278324569202,-0.5278324569201942,242,244.24791070693217,-2.247910706932174,0,0.0,0.0,0.54,0.55,-0.010000000000000009
18,0.127,0.11128765260180094,0.01571234739819906,86,75.71846266044065,10.28153733955935,170,180.29880469831502,-10.298804698315024,0,0.0,0.0,132,131.7336052772599,0.26639472274010245,256,256.0172673587557,-0.017267358755702844,0,0.0,0.0,0.56,0.575,-0.014999999999999902
19,0.138,0.12116033330759819,0.01683966669240182,93,81.73291713024125,11.267082869758752,177,187.1722308126278,-10.172230812627788,0,0.0,0.0,139,138.31938273867806,0.6806172613219417,269,268.905147942869,0.09485205713099276,0,0.0,0.0,0.58,0.6,-0.020000000000000018
20,0.149,0.13243877643813448,0.016561223561865512,99,87.97975121842201,11.02024878157799,183,193.6892843428845,-10.689284342884491,0,0.0,0.0,146,144.37818890142705,1.6218110985729481,282,281.66903556130654,0.3309644386934565,0,0.0,0.0,0.61,0.625,-0.015000000000000013
21,0.16,0.14388640514038653,0.016113594859613473,105,93.74970585477374,11.250294145226263,188,199.61543797907015,-11.615437979070151,0,0.0,0.0,153,150.43503760390368,2.5649623960963197,293,293.3651438338439,-0.36514383384388793,0,0.0,0.0,0.63,0.65,-0.020000000000000018
22,0.177,0.15573030298176918,0.02126969701823081,113,99.41362384535981,13.586376154640192,196,206.01289083815843,-10.012890838158427,0,0.0,0.0,163,159.8448316717274,3.1551683282725946,310,305.42651468351823,4.573485316481765,0,0.0,0.0,0.66,0.675,-0.015000000000000013
23,0.188,0.1631536761119909,0.024846323888009114,124,105.66248835320638,18.337511646793615,205,211.53072239975174,-6.530722399751738,0,0.0,0.0,175,165.1269810532321,9.8730189467679,329,317.1932107529581,11.806789247041877,0,0.0,0.0,0.68,0.7,-0.019999999999999907
24,0.201,0.17062851389659692,0.030371486103403095,134,111.68597426294056,22.31402573705944,215,216.84193207101708,-1.8419320710170837,0,0.0,0.0,188,170.16947806942184,17.830521930578158,349,328.5279063339577,20.472093666042326,0,0.0,0.0,0.69,0.725,-0.03500000000000003
25,0.216,0.17918617122474972,0.036813828775250274,145,117.97988769932643,27.020112300673574,224,222.73579392596025,1.2642060740397483,0,0.0,0.0,201,177.03019043091464,23.969809569085356,369,340.71568162528666,28.284318374713337,0,0.0,0.0,0.71,0.75,-0.040000000000000036
26,0.231,0.18884461593305815,0.04215538406694186,155,124.21500935787654,30.78499064212346,233,229.187828310545,3.812171689454999,0,0.0,0.0,213,186.47817764991294,26.521822350087064,388,353.4028376684215,34.59716233157849,0,0.0,0.0,0.73,0.775,-0.04500000000000004
27,0.249,0.20481979659953614,0.04418020340046386,165,132.3211311696496,32.67886883035041,242,237.0381510711653,4.961848928834712,0,0.0,0.0,224,197.077534834494,26.922465165505997,406,369.35928224081493,36.640717759185065,0,0.0,0.0,0.76,0.8,-0.040000000000000036
28,0.267,0.22266637057170818,0.04433362942829183,173,141.35152254885915,31.64847745114085,250,245.30261477587922,4.697385224120779,0,0.0,0.0,234,206.9460703350015,27.053929664998492,423,386.6541373247384,36.34586267526163,0,0.0,0.0,0.78,0.825,-0.04499999999999993
29,0.285,0.23592120545782383,0.049078794542176146,185,149.91492805571966,35.085071944280344,260,253.89034069544067,6.1096593045593295,0,0.0,0.0,248,219.45901884994578,28.540981150054222,446,403.8052687511604,42.19473124883962,0,0.0,0.0,0.81,0.85,-0.039999999999999925
30,0.301,0.2518293011369741,0.049170698863025886,195,160.0320037217344,34.96799627826559,269,262.6458450292249,6.354154970775085,0,0.0,0.0,260,228.37825572731413,31.621744272685874,464,422.6778487509593,41.3221512490407,0,0.0,0.0,0.83,0.875,-0.04500000000000004
31,0.313,0.2632447869527293,0.04975521304727071,201,166.17568831518685,34.82431168481315,274,267.9424182398798,6.057581760120172,0,0.0,0.0,266,232.31651585612695,33.683484143873045,475,434.1181065550667,40.881893444933326,0,3.226239002996116,-3.226239002996116,0.85,0.9,-0.050000000000000044
32,0.334,0.27713895084657303,0.05686104915342699,214,174.96146717755678,39.038532822443216,287,277.2001221350667,9.799877864933308,0,0.0,0.0,282,247.1536194536408,34.8463805463592,501,452.16158931262345,48.83841068737655,0,13.777651831282295,-13.777651831282295,0.87,0.925,-0.05500000000000005
33,0.356,0.29729638578665657,0.058703614213343414,229,188.2821699314465,40.717830068553496,300,289.20301452401054,10.796985475989459,0,0.0,0.0,299,261.9735843448638,37.02641565513619,529,477.48518445545704,51.514815544542955,0,27.86928446653181,-27.86928446653181,0.9,0.95,-0.04999999999999993
34,0.378,0.3159478596282953,0.0620521403717047,244,201.82804564553996,42.17195435446004,314,301.5955305026297,12.404469497370314,0,0.0,0.0,317,277.83551466407334,39.164485335926656,558,503.4235761481697,54.57642385183033,0,42.22126255097185,-42.22126255097185,0.92,0.975,-0.05499999999999994
35,0.398,0.335601240976922,0.06239875902307801,259,216.36383078357827,42.636169216421735,328,314.4358435539359,13.56415644606409,0,0.015070142973473024,-0.015070142973473024,334,292.8543891790531,41.1456108209469,587,530.7996743375141,56.20032566248585,77,53.399767747369935,23.600232252630065,0.94,1.0,-0.06000000000000005
36,0.413,0.3511986789657315,0.0618013210342685,268,225.59940508145516,42.40059491854484,336,322.3010901608382,13.698909839161786,0,0.07653332810094632,-0.07653332810094632,344,299.34105142155784,44.658948578442164,603,547.9004952422933,55.099504757706654,110,66.04983937849812,43.95016062150188,0.96,1.025,-0.06499999999999995
37,0.435,0.36903254947030784,0.06596745052969216,283,238.36770341973568,44.632296580264324,350,333.888175662246,16.111824337754,1,0.19910709455397457,0.8008929054460254,362,313.3116919930252,48.68830800697481,633,572.2558790819817,60.744120918018325,137,82.61294999477276,54.38705000522724,0.98,1.05,-0.07000000000000006
38,0.456,0.3916265808417672,0.0643734191582328,296,251.98808587329017,44.011914126709826,362,346.8270573736407,15.172942626359315,1,0.38481685692503553,0.6151831430749645,377,331.1372135094459,45.86278649055407,658,598.8151432469309,59.184856753069084,185,90.5794547548681,94.4205452451319,1.0,1.075,-0.07499999999999996
39,0.468,0.41538782398974144,0.05261217601025858,300,262.670103850471,37.32989614952902,367,355.882844956604,11.117155043395996,2,0.6157053278450613,1.3842946721549387,381,338.74169994555405,42.258300054445954,667,618.552948807075,48.44705119292496,237,107.2167048600928,129.78329513990718,1.03,1.1,-0.07000000000000006
40,0.475,0.42084136495654545,0.05415863504345453,304,265.7679313170003,38.23206868299968,370,358.5639447832637,11.436055216736293,2,0.8321993067858678,1.167800693214132,384,337.58157175373213,46.418428246267865,674,624.331876100264,49.668123899735974,281,131.3699167976147,149.6300832023853,1.05,1.125,-0.07499999999999996
41,0.492,0.42910883623471857,0.06289116376528142,318,273.00983972452747,44.99016027547253,383,364.7223409108871,18.277659089112888,3,0.9854674567157141,2.014532543284286,400,341.18802556536286,58.811974434637136,701,637.7321806354146,63.26781936458542,281,141.21956936018213,139.78043063981787,1.06,1.15,-0.08999999999999986
42,0.512,0.44303362747567654,0.06896637252432347,334,283.508448808894,50.491551191106,397,373.60346131525836,23.396538684741643,3,1.2588315419224658,1.7411684580775342,418,348.46072732534395,69.53927267465605,731,657.1119101241524,73.88808987584764,322,154.3570060652803,167.6429939347197,1.07,1.175,-0.10499999999999998
43,0.531,0.4621796942505664,0.06882030574943365,345,296.5028634230168,48.49713657698322,408,384.98425962975,23.01574037025,4,1.7007828307865243,2.2992171692134757,431,360.52373628166697,70.47626371833303,754,681.4871230527667,72.51287694723328,335,169.45026949048426,165.54973050951574,1.09,1.2,-0.10999999999999988
44,0.545,0.48817409318720484,0.0568259068127952,350,308.0908613527409,41.90913864725911,413,394.7530682360932,18.246931763906787,6,2.2424847619387545,3.7575152380612455,435,368.78222636191487,66.21777363808513,763,702.8439295888342,60.15607041116584,343,186.89241135732684,156.10758864267316,1.12,1.225,-0.10499999999999998
45,0.564,0.5115820247360664,0.05241797526393355,358,319.6391523147789,38.360847685221074,421,406.09802060257505,14.901979397424952,7,2.7691074648602285,4.2308925351397715,444,384.7824208576889,59.21757914231108,780,725.737172917354,54.26282708264603,356,228.6523898348298,127.34761016517021,1.15,1.25,-0.10000000000000009
46,0.584,0.542437724632732,0.041562275367267976,367,336.0290475470381,30.97095245296191,430,420.3799280717419,9.620071928258085,4,3.3296032251030514,0.6703967748969486,453,400.80089734553127,52.19910265446873,798,756.40897561878,41.591024381219995,374,257.1261984232317,116.8738015767683,1.17,1.275,-0.10499999999999998
47,0.591,0.5590056528691457,0.03199434713085425,368,342.93621404250786,25.063785957492144,432,426.27276068161865,5.727239318381351,5,3.9833267686078635,1.0166732313921365,453,403.40010094235987,49.59989905764013,800,769.2089747241264,30.791025275873608,259,266.1412984267294,-7.141298426729406,1.2,1.3,-0.10000000000000009
48,0.603,0.5715649424952725,0.031435057504727526,375,350.5658840027648,24.43411599723521,438,432.76168552296014,5.238314477039864,6,4.130003304664873,1.8699966953351268,459,406.80755277188985,52.192447228110154,813,783.3275695257249,29.672430474275075,275,247.26424231048014,27.735757689519858,1.22,1.325,-0.10499999999999998
49,0.629,0.5901671750138577,0.03883282498614227,395,366.1966191451864,28.80338085481361,457,446.0955327254748,10.904467274525189,6,4.209802042406466,1.7901979575935343,481,420.36261356974603,60.63738643025397,852,812.2921518706612,39.7078481293388,290,241.92230790728456,48.07769209271544,1.24,1.35,-0.1100000000000001
50,0.651,0.6019005941162261,0.04909940588377393,416,378.70766039555616,37.29233960444384,476,456.5910832749189,19.4089167250811,7,4.049161931482364,2.950838068517636,505,428.96061834953747,76.03938165046253,892,835.2987436704751,56.70125632952488,290,238.17524765573478,51.82475234426522,1.25,1.375,-0.125
51,0.679,0.6188376052890483,0.06016239471095175,436,392.99849194729654,43.00150805270346,495,469.64118100916863,25.358818990831367,7,4.099655070554377,2.900344929445623,528,444.9411543536226,83.05884564637739,932,862.6396729564653,69.36032704353465,322,225.6690531880787,96.33094681192131,1.27,1.4,-0.1299999999999999
52,0.706,0.641238586417819,0.06476141358218102,454,410.3813527037514,43.61864729624858,512,485.69176095940827,26.30823904059173,8,4.138444666754331,3.8615553332456694,547,466.5754524317129,80.4245475682871,966,896.0731136631596,69.92688633684043,343,226.5604899625487,116.4395100374513,1.29,1.425,-0.135
53,0.732,0.676077245726394,0.055922754273605935,468,432.5109802218399,35.48901977816013,526,504.48644660322896,21.513553396771044,2,4.139168687939344,-2.1391686879393443,563,487.53607272288497,75.46392727711503,995,936.9974268250687,58.002573174931285,354,241.48219031614937,112.51780968385063,1.31,1.45,-0.1399999999999999
54,0.759,0.7172236253671136,0.041776374632886415,479,453.81959517462155,25.180404825378446,538,522.0933854007177,15.906614599282307,2,4.133549815458687,-2.1335498154586867,574,504.82045970163335,69.17954029836665,1017,975.9129805753391,41.087019424660866,170,264.4084435574222,-94.40844355742217,1.34,1.475,-0.135
55,0.787,0.7548807744748885,0.03211922552511148,492,473.6213942031808,18.378605796819215,550,539.6454558766255,10.354544123374467,3,4.082632499447841,-1.0826324994478407,588,526.3647376197904,61.63526238020961,1042,1013.2668500798063,28.733149920193682,232,273.07952083551305,-41.07952083551305,1.37,1.5,-0.1299999999999999
56,0.817,0.7931764444540192,0.0238235555459807,507,496.6293322501206,10.370667749879374,566,560.1812675959981,5.818732404001935,2,4.0240289231155755,-2.0240289231155755,604,553.2505307555066,50.74946924449341,1073,1056.8105998461187,16.18940015388125,265,298.8283771443117,-33.82837714431167,1.39,1.525,-0.135
57,0.849,0.8435668504202815,0.005433149579718521,521,524.3603873544596,-3.36038735445959,580,583.1306767463998,-3.1306767463997858,3,4.024754428403648,-1.0247544284036483,619,577.7751405685913,41.22485943140873,1101,1107.4910641008594,-6.491064100859376,229,340.6927554729822,-111.69275547298218,1.42,1.55,-0.13000000000000012
58,0.879,0.8897689144859633,-0.010768914485963288,535,550.5800809070165,-15.580080907016509,594,605.5101135359537,-11.510113535953678,4,4.098010266577999,-0.09801026657799916,634,603.8963558760516,30.103644123948357,1129,1156.0901944429702,-27.090194442970187,267,392.181649880927,-125.18164988092701,1.44,1.575,-0.135
59,0.894,0.9165935557829944,-0.02259355578299438,541,565.762148994816,-24.762148994816016,601,618.1716587527038,-17.17165875270382,5,4.191438064333538,0.8085619356664617,640,613.5607638872277,26.439236112772278,1142,1183.93380774752,-41.93380774751995,300,436.6707463355603,-136.6707463355603,1.47,1.6,-0.13000000000000012
60,0.897,0.9223305036277981,-0.025330503627798096,542,569.5643072546168,-27.56430725461678,603,621.7972610176515,-18.797261017651522,3,4.316444908564809,-1.316444908564809,640,611.4952344570843,28.50476554291572,1145,1191.3615682722684,-46.361568272268414,370,509.4634219673021,-139.4634219673021,1.49,1.625,-0.135
61,0.923,0.942965538673013,-0.019965538673012984,562,589.6399149500296,-27.639914950029606,622,638.3156272154123,-16.31562721541229,4,4.440498106940321,-0.4404981069403213,662,626.2134539515636,35.786546048436435,1185,1227.9555421654418,-42.955542165441784,291,510.3571851657097,-219.35718516570972,1.51,1.65,-0.1399999999999999
62,0.952,0.9586758916869857,-0.006675891686985791,586,606.7100642710819,-20.710064271081933,645,652.4634856145151,-7.463485614515093,4,4.466990876063816,-0.4669908760638162,687,637.7677289989599,49.23227100104009,1231,1259.1735498855971,-28.17354988559714,398,590.2640961721062,-192.26409617210618,1.52,1.675,-0.15500000000000003
63,0.979,0.9725166974699089,0.006483302530091106,610,622.6206113680292,-12.620611368029245,667,665.7026493219727,1.2973506780273283,3,4.543247843328721,-1.5432478433287207,713,648.0880152030738,64.91198479692616,1277,1288.323260690002,-11.323260690001916,398,605.2756039422064,-207.27560394220643,1.53,1.7,-0.16999999999999993
64,0.994,0.9746271101740349,0.01937288982596508,623,626.401582476234,-3.4015824762340117,679,669.3991588650044,9.600841134995562,3,4.607145019090883,-1.6071450190908827,725,646.0814961578822,78.91850384211784,1302,1295.8007413412386,6.199258658761437,395,600.8923380014759,-205.89233800147588,1.54,1.725,-0.18500000000000005
65,1.025,0.9934889572273878,0.031511042772612075,647,645.4298020545847,1.570197945415316,702,685.0898356167113,16.910164383288702,4,4.986031556397016,-0.9860315563970161,751,659.5817375665584,91.41826243344156,1349,1330.519637671296,18.480362328703904,395,564.0292343535742,-169.02923435357422,1.56,1.75,-0.18999999999999995
66,1.056,1.0124564077386318,0.04354359226136828,671,664.3816811875423,6.618318812457687,725,700.7264282638832,24.273571736116764,4,5.498154834178373,-1.498154834178373,776,672.9354676857516,103.06453231424837,1396,1365.1081094514257,30.891890548574338,459,588.198629038204,-129.198629038204,1.57,1.775,-0.20499999999999985
67,1.085,1.032416275547276,0.05258372445272386,694,683.7690261626223,10.230973837377746,746,716.7107416804002,29.289258319599753,4,6.005682711435497,-2.0056827114354974,800,686.6617690333615,113.33823096663855,1440,1400.4797678430225,39.5202321569775,459,538.2275549214105,-79.2275549214105,1.59,1.8,-0.20999999999999996
68,1.116,1.0573473105126532,0.05865268948734692,716,706.1808836889741,9.819116311025937,768,735.0634826387294,32.9365173612706,4,6.655634351257257,-2.655634351257257,824,703.3442243170437,120.65577568295635,1485,1441.2443663277033,43.75563367229665,465,546.3759612664321,-81.37596126643211,1.61,1.825,-0.21499999999999986
69,1.144,1.0842660763468204,0.05973392365317953,735,728.8997894925924,6.10021050740761,786,753.6550841365075,32.344915863492474,6,7.238748414634152,-1.238748414634152,843,720.2400559310685,122.75994406893153,1521,1482.5548736291,38.44512637089997,518,493.1508525227026,24.84914747729738,1.63,1.85,-0.2200000000000002
70,1.175,1.1041061264126624,0.07089387358733767,759,749.1247426281305,9.875257371869452,809,770.3124188723046,38.68758112769535,5,7.509324133466242,-2.509324133466242,868,734.5796864672404,133.42031353275956,1568,1519.4371615004352,48.562838499564805,583,511.7514708349496,71.2485291650504,1.64,1.875,-0.2350000000000001
71,1.207,1.1341360592300085,0.07286394076999159,781,776.348512106747,4.651487893253034,831,792.4043054189516,38.595694581048406,6,7.871733293876688,-1.8717332938766882,890,755.7602512150409,134.23974878495915,1612,1568.7528175256984,43.24718247430155,548,572.2514071990718,-24.251407199071764,1.66,1.9,-0.24
72,1.235,1.1711499680125719,0.06385003198742822,798,808.9931824245298,-10.993182424529778,849,819.1155739686532,29.884426031346834,8,8.258454466776705,-0.2584544667767048,909,784.5382594140626,124.46174058593738,1648,1628.108756393183,19.891243606816943,601,607.7794222418842,-6.779422241884163,1.68,1.925,-0.2450000000000001
73,1.248,1.2069570887040095,0.04104291129599047,804,832.1421786034155,-28.14217860341546,856,838.0561279400888,17.9438720599112,10,8.40928959115108,1.5907104088489206,913,801.4299639101027,111.57003608989726,1660,1670.1983065435045,-10.198306543504486,657,651.5924087053857,5.407591294614349,1.71,1.95,-0.24
74,1.261,1.2469907063380212,0.014009293661978672,806,853.963823276532,-47.963823276532025,861,855.9735413612347,5.026458638765348,6,8.55922427805363,-2.5592242780536303,914,816.9813678285666,97.01863217143341,1667,1709.937364637767,-42.937364637766905,716,745.8230992133772,-29.82309921337719,1.73,1.975,-0.2450000000000001
75,1.28,1.289234497998554,-0.009234497998553914,812,878.6640687167078,-66.66406871670779,869,876.1008633094305,-7.100863309430451,8,8.827120209603207,-0.8271202096032066,919,835.2714463127849,83.72855368721514,1681,1754.7649320261382,-73.76493202613824,500,843.5807140219117,-343.5807140219117,1.76,2.0,-0.24
76,1.289,1.3198476818272848,-0.030847681827284923,813,894.6834411825464,-81.6834411825464,872,889.5839296241379,-17.58392962413791,6,9.121487537060624,-3.1214875370606237,917,845.1906695076,71.80933049240002,1685,1784.2673708066843,-99.26737080668431,571,896.7441611227493,-325.74416112274935,1.79,2.0,-0.20999999999999996
77,1.303,1.3319069747496146,-0.028906974749614678,822,906.6945896760714,-84.69458967607136,882,900.0128622631448,-18.012862263144825,7,9.394156031027364,-2.3941560310273644,926,851.3483323900064,74.65166760999364,1705,1806.707451939216,-101.70745193921607,583,957.6569584582029,-374.6569584582029,1.8,2.0,-0.19999999999999996
78,1.317,1.3456508161840106,-0.028650816184010663,830,918.7703133653281,-88.7703133653281,891,910.4983687492096,-19.49836874920959,9,9.899704557447029,-0.8997045574470288,933,857.6646798190941,75.33532018090591,1721,1829.2686821145376,-108.26868211453757,759,1050.8524668675695,-291.85246686756955,1.8,2.0,-0.19999999999999996
79,1.333,1.3874843641744667,-0.05448436417446678,836,946.015820639664,-110.01582063966396,900,932.4957692739271,-32.49576927392707,12,10.67957537956304,1.3204246204369596,938,878.3566604084234,59.64333959157659,1736,1878.5115899135913,-142.51158991359125,917,1138.5369181110314,-221.53691811103135,1.8,2.0,-0.19999999999999996
80,1.352,1.4319694030851635,-0.07996940308516343,846,980.6319545822847,-134.63195458228472,911,960.0615310224142,-49.061531022414215,16,11.518230863913224,4.4817691360867755,948,905.8814562153236,42.118543784676376,1758,1940.6934856046987,-182.6934856046987,1051,1224.80829481087,-173.80829481086994,1.8,2.0,-0.19999999999999996
81,1.367,1.471844348529206,-0.1048443485292061,854,1012.3321040040361,-158.33210400403607,921,985.4178886080329,-64.41788860803285,8,12.455386006077692,-4.455386006077692,954,930.5640077566618,23.435992243338205,1774,1997.749992612069,-223.74999261206904,1187,1317.5684597454947,-130.5684597454947,1.8,2.0,-0.19999999999999996
82,1.353,1.4653191974057995,-0.11231919740579954,845,1006.7452466083915,-161.74524660839154,918,982.7402619106099,-64.74026191060989,12,13.525456470203219,-1.5254564702032187,941,920.719561813771,20.28043818622905,1763,1989.4855085190015,-226.48550851900154,1201,1391.128849926527,-190.12884992652698,1.8,2.0,-0.19999999999999996
83,1.344,1.4592513142688304,-0.11525131426883028,838,1002.5737249597036,-164.57372495970355,914,981.1456373772245,-67.14563737722449,17,14.71547638927157,2.2845236107284297,933,912.5072505657698,20.492749434230177,1752,1983.719362336928,-231.71936233692804,1409,1335.6905398198444,73.30946018015561,1.8,2.0,-0.19999999999999996
84,1.344,1.4766767325469121,-0.13267673254691204,838,1017.0590785160817,-179.05907851608174,914,993.494135745844,-79.494135745844,17,16.03680929062601,0.9631907093739898,933,921.5834285828,11.416571417199975,1752,2010.5532142619259,-258.55321426192586,1409,1314.259883191971,94.74011680802892,1.8,2.0,-0.19999999999999996
