@YEAR,DOY,DAS,DAP,L#SD,GSTD,LAID,LWAD,SWAD,GWAD,RWAD,VWAD,CWAD,G#AD,GWGD,HIAD,PWAD,P#AD,WSPD,WSGD,NSTD,PST1A,PST2A,KSTD,EWSD,LN%D,SH%D,HIPD,PWDD,PWTD,SLAD,CHTD,CWID,NWAD,RDPD,RLAD,RL1D,RL2D,RL3D,RL4D,RL5D,RL6D,RL7D,RL8D,RL9D,SNW0C,SNW1C
2016,282,9,0,4.6,0,0.065,49,74,0,52,123,123,0,0.0,0.000,0,0,0.000,0.000,0.000,0.000,0.000,0.000,0.000,4.40,0.00,0.00,0,0,132.2,0.01,0.02,0.0,0.13,5,0.52,0.26,0.00,0.00,0.00,0.00,0.00,0.00,0.00,0,1
2016,283,10,1,4.9,0,0.065,49,74,0,52,123,123,0,0.0,0.000,0,0,0.000,0.000,0.000,0.000,0.000,0.000,0.000,4.40,0.00,0.00,0,0,132.4,0.06,0.09,0.0,0.15,5,0.52,0.26,0.00,0.00,0.00,0.00,0.00,0.00,0.00,0,1
2016,284,11,2,5.3,0,0.065,49,79,0,55,128,128,0,0.0,0.000,0,0,0.000,0.000,0.000,0.000,0.000,0.000,0.000,4.39,0.00,0.00,0,0,132.8,0.07,0.10,0.0,0.18,6,0.54,0.28,0.00,0.00,0.00,0.00,0.00,0.00,0.00,1,2
2016,285,12,3,5.7,0,0.065,49,83,0,59,132,132,0,0.0,0.000,0,0,0.000,0.000,0.000,0.000,0.000,0.000,0.000,4.38,0.00,0.00,0,0,133.3,0.07,0.11,0.0,0.21,6,0.55,0.30,0.01,0.00,0.00,0.00,0.00,0.00,0.00,2,3
2016,286,13,4,6.0,0,0.064,48,88,0,63,137,137,0,0.0,0.000,0,0,0.000,0.000,0.000,0.000,0.000,0.000,0.000,4.37,0.00,0.00,0,0,133.7,0.07,0.11,0.0,0.23,6,0.57,0.32,0.02,0.00,0.00,0.00,0.00,0.00,0.00,2,4
2016,287,14,5,6.4,0,0.064,48,94,0,67,142,142,0,0.0,0.000,0,0,0.000,0.000,0.000,0.000,0.000,0.000,0.000,4.36,0.00,0.00,0,0,134.0,0.08,0.12,0.0,0.26,7,0.59,0.34,0.03,0.00,0.00,0.00,0.00,0.00,0.00,3,5
2016,288,15,6,6.8,0,0.064,48,100,0,72,147,147,0,0.0,0.000,0,0,0.000,0.000,0.000,0.000,0.000,0.000,0.000,4.35,0.00,0.00,0,0,134.4,0.08,0.12,0.0,0.28,7,0.60,0.36,0.04,0.00,0.00,0.00,0.00,0.00,0.00,4,5
2016,289,16,7,7.1,0,0.064,47,104,0,75,151,151,0,0.0,0.000,0,0,0.000,0.000,0.000,0.000,0.000,0.000,0.000,4.34,0.00,0.00,0,0,134.8,0.08,0.13,0.0,0.31,8,0.61,0.38,0.05,0.00,0.00,0.00,0.00,0.00,0.00,4,6
2016,290,17,8,7.5,0,0.064,47,109,0,79,156,156,0,0.0,0.000,0,0,0.000,0.000,0.000,0.000,0.000,0.000,0.000,4.33,0.00,0.00,0,0,135.3,0.09,0.14,0.0,0.33,8,0.62,0.39,0.06,0.00,0.00,0.00,0.00,0.00,0.00,5,7
2016,291,18,9,7.8,0,0.065,48,114,0,83,162,162,0,0.0,0.000,0,0,0.000,0.000,0.000,0.000,0.000,0.000,0.000,4.32,0.00,0.00,0,0,136.3,0.09,0.14,0.0,0.36,8,0.63,0.40,0.08,0.01,0.00,0.00,0.00,0.00,0.00,5,8
2016,292,19,10,8.2,0,0.071,51,118,0,86,168,168,0,0.0,0.000,0,0,0.000,0.000,0.000,0.000,0.000,0.000,0.000,4.31,0.00,0.00,0,0,139.8,0.10,0.15,0.0,0.38,9,0.64,0.41,0.08,0.01,0.00,0.00,0.00,0.00,0.00,6,10
2016,293,20,11,8.5,0,0.077,54,122,0,89,176,176,0,0.0,0.000,0,0,0.000,0.000,0.000,0.000,0.000,0.000,0.000,4.31,0.00,0.00,0,0,143.0,0.10,0.15,0.0,0.41,9,0.65,0.42,0.09,0.01,0.00,0.00,0.00,0.00,0.00,7,11
2016,294,21,12,8.9,0,0.084,58,126,0,93,184,184,0,0.0,0.000,0,0,0.000,0.000,0.000,0.000,0.000,0.000,0.000,4.31,0.00,0.00,0,0,145.9,0.10,0.16,0.0,0.43,9,0.66,0.43,0.10,0.02,0.00,0.00,0.00,0.00,0.00,7,12
2016,295,22,13,9.2,0,0.092,62,131,0,97,193,193,0,0.0,0.000,0,0,0.000,0.000,0.000,0.000,0.000,0.000,0.000,4.30,0.00,0.00,0,0,148.7,0.11,0.16,0.0,0.46,10,0.66,0.44,0.11,0.03,0.00,0.00,0.00,0.00,0.00,8,13
2016,296,23,14,9.5,0,0.100,67,138,0,103,205,205,0,0.0,0.000,0,0,0.000,0.000,0.000,0.000,0.000,0.000,0.000,4.31,0.00,0.00,0,0,148.5,0.11,0.17,0.0,0.48,10,0.68,0.46,0.12,0.04,0.00,0.00,0.00,0.00,0.00,9,14
2016,297,24,15,9.8,0,0.108,73,145,0,109,218,218,0,0.0,0.000,0,0,0.000,0.000,0.000,0.000,0.000,0.000,0.000,4.31,0.00,0.00,0,0,147.5,0.11,0.17,0.0,0.50,11,0.69,0.48,0.14,0.05,0.00,0.00,0.00,0.00,0.00,10,15
2016,298,25,16,10.1,0,0.117,79,152,0,116,231,231,0,0.0,0.000,0,0,0.000,0.000,0.000,0.000,0.000,0.000,0.000,4.30,0.00,0.00,0,0,148.0,0.11,0.18,0.0,0.52,12,0.71,0.50,0.15,0.06,0.01,0.00,0.00,0.00,0.00,11,17
2016,299,26,17,10.5,0,0.126,84,158,0,122,243,243,0,0.0,0.000,0,0,0.000,0.000,0.000,0.000,0.000,0.000,0.000,4.29,0.00,0.00,0,0,149.4,0.12,0.18,0.0,0.55,12,0.72,0.51,0.16,0.07,0.01,0.00,0.00,0.00,0.00,12,18
2016,300,27,18,10.8,0,0.138,91,165,0,129,256,256,0,0.0,0.000,0,0,0.000,0.000,0.000,0.000,0.000,0.000,0.000,4.29,0.00,0.00,0,0,151.8,0.12,0.19,0.0,0.57,13,0.74,0.53,0.18,0.08,0.02,0.00,0.00,0.00,0.00,13,20
2016,301,28,19,11.2,0,0.150,97,171,0,135,268,268,0,0.0,0.000,0,0,0.000,0.000,0.000,0.000,0.000,0.000,0.000,4.28,0.00,0.00,0,0,154.8,0.12,0.19,0.0,0.60,14,0.75,0.55,0.19,0.09,0.03,0.00,0.00,0.00,0.00,15,22
2016,302,29,20,11.6,0,0.162,103,177,0,142,280,280,0,0.0,0.000,0,0,0.000,0.000,0.000,0.000,0.000,0.000,0.000,4.28,0.00,0.00,0,0,157.8,0.12,0.20,0.0,0.63,15,0.76,0.56,0.20,0.10,0.04,0.00,0.00,0.00,0.00,16,23
2016,303,30,21,11.9,0,0.175,109,183,0,149,292,292,0,0.0,0.000,0,0,0.000,0.000,0.000,0.000,0.000,0.000,0.000,4.28,0.00,0.00,0,0,160.6,0.13,0.20,0.0,0.65,15,0.78,0.58,0.21,0.11,0.05,0.00,0.00,0.00,0.00,17,25
2016,304,31,22,12.3,0,0.190,117,190,0,158,306,306,0,0.0,0.000,0,0,0.000,0.000,0.000,0.000,0.000,0.000,0.000,4.28,0.00,0.00,0,0,162.9,0.13,0.21,0.0,0.68,16,0.79,0.60,0.23,0.12,0.05,0.00,0.00,0.00,0.00,19,27
2016,305,32,23,12.7,0,0.206,126,198,0,169,324,324,0,0.0,0.000,0,0,0.000,0.000,0.000,0.000,0.000,0.000,0.000,4.28,0.00,0.00,0,0,164.3,0.13,0.22,0.0,0.70,17,0.82,0.63,0.25,0.14,0.07,0.01,0.00,0.00,0.00,20,29
2016,306,33,24,13.0,1,0.222,134,206,0,180,340,340,0,0.0,0.000,0,0,0.000,0.000,0.000,0.000,0.000,0.000,0.000,4.28,0.00,0.00,0,0,165.1,0.14,0.22,0.0,0.73,18,0.84,0.65,0.27,0.15,0.08,0.01,0.00,0.00,0.00,22,32
2016,307,34,25,13.3,1,0.237,142,213,0,190,354,354,0,0.0,0.000,0,0,0.000,0.000,0.000,0.000,0.000,0.000,0.000,4.27,0.00,0.00,0,0,167.2,0.14,0.23,0.0,0.75,19,0.86,0.68,0.28,0.16,0.09,0.01,0.00,0.00,0.00,24,34
2016,308,35,26,13.7,1,0.254,150,221,0,201,371,371,0,0.0,0.000,0,0,0.000,0.000,0.000,0.000,0.000,0.000,0.000,4.27,0.00,0.00,0,0,169.2,0.14,0.23,0.0,0.78,21,0.88,0.70,0.30,0.18,0.10,0.02,0.00,0.00,0.00,26,37
2016,309,36,27,14.1,1,0.271,160,230,0,213,389,389,0,0.0,0.000,0,0,0.000,0.000,0.000,0.000,0.000,0.000,0.000,4.27,0.00,0.00,0,0,170.0,0.14,0.24,0.0,0.80,22,0.91,0.73,0.32,0.19,0.11,0.02,0.00,0.00,0.00,28,39
2016,310,37,28,14.4,1,0.292,171,240,0,227,411,411,0,0.0,0.000,0,0,0.000,0.000,0.000,0.000,0.000,0.000,0.000,4.27,0.00,0.00,0,0,171.3,0.14,0.24,0.0,0.83,23,0.94,0.76,0.34,0.21,0.12,0.03,0.00,0.00,0.00,31,42
2016,311,38,29,14.8,2,0.313,182,251,0,241,432,432,0,0.0,0.000,0,0,0.000,0.000,0.000,0.000,0.000,0.000,0.000,4.26,0.00,0.00,0,0,172.2,0.15,0.25,0.0,0.85,25,0.97,0.79,0.36,0.23,0.14,0.04,0.00,0.00,0.00,33,45
2016,312,39,30,15.1,2,0.332,191,260,0,254,451,451,0,0.0,0.000,0,0,0.000,0.000,0.000,0.000,0.000,0.000,0.000,4.25,0.00,0.00,0,0,173.4,0.15,0.25,0.0,0.88,26,0.99,0.82,0.38,0.24,0.15,0.04,0.00,0.00,0.00,36,48
2016,313,40,31,15.5,2,0.354,204,272,0,269,475,476,0,0.0,0.000,0,0,0.000,0.000,0.000,0.000,0.000,0.000,0.000,4.26,0.00,0.00,0,0,173.9,0.15,0.26,0.0,0.90,28,1.02,0.85,0.41,0.26,0.16,0.05,0.00,0.00,0.00,39,52
2016,314,41,32,15.8,2,0.375,215,282,0,283,497,498,0,0.0,0.000,1,0,0.000,0.000,0.000,0.000,0.000,0.000,0.000,4.25,0.00,0.00,0,1,174.7,0.15,0.26,0.0,0.93,29,1.05,0.88,0.43,0.27,0.17,0.06,0.00,0.00,0.00,42,55
2016,315,42,33,16.2,2,0.398,229,296,0,302,525,526,0,0.0,0.000,1,0,0.000,0.000,0.000,0.000,0.000,0.000,0.000,4.25,0.00,0.00,0,1,173.8,0.16,0.27,0.0,0.95,31,1.09,0.92,0.45,0.30,0.19,0.07,0.00,0.00,0.00,45,59
2016,316,43,34,16.5,5,0.420,243,310,0,320,553,555,2,0.0,0.000,2,0,0.000,0.000,0.000,0.000,0.000,0.000,0.000,4.25,0.00,0.00,0,2,172.6,0.16,0.27,0.0,0.98,33,1.13,0.96,0.48,0.32,0.20,0.08,0.00,0.00,0.00,48,63
2016,317,44,35,16.8,5,0.442,258,324,0,339,582,585,2,0.4,0.000,3,0,0.000,0.000,0.000,0.000,0.000,0.000,0.000,4.25,0.21,0.01,0,3,171.5,0.16,0.28,0.0,1.00,35,1.16,1.00,0.51,0.34,0.22,0.09,0.01,0.00,0.00,51,66
2016,318,45,36,17.1,5,0.463,272,337,0,356,609,614,31,0.0,0.000,5,0,0.000,0.000,0.000,0.000,0.000,0.000,0.000,4.25,0.28,0.01,0,5,170.5,0.16,0.28,0.0,1.02,36,1.20,1.04,0.53,0.36,0.23,0.10,0.01,0.00,0.00,55,70
2016,319,46,37,17.5,5,0.477,276,342,0,362,619,626,62,0.2,0.000,8,0,0.000,0.000,0.000,0.000,0.000,0.000,0.000,4.22,1.90,0.01,0,8,172.9,0.16,0.29,0.0,1.05,37,1.21,1.05,0.54,0.36,0.24,0.11,0.01,0.00,0.00,60,75
2016,320,47,38,17.8,5,0.494,286,352,0,373,638,649,99,0.4,0.001,12,1,0.000,0.000,0.000,0.000,0.000,0.000,0.000,4.23,3.08,0.02,0,12,172.9,0.17,0.29,0.0,1.07,38,1.23,1.07,0.56,0.37,0.25,0.11,0.01,0.00,0.00,64,80
2016,321,48,39,18.1,5,0.517,301,367,1,392,667,683,150,0.5,0.001,16,1,0.000,0.000,0.000,0.000,0.000,0.000,0.000,4.24,4.43,0.02,0,16,171.8,0.17,0.30,0.0,1.09,40,1.27,1.11,0.58,0.39,0.26,0.12,0.02,0.00,0.00,69,84
2016,322,49,40,18.4,5,0.540,318,383,1,413,700,721,208,0.6,0.002,21,1,0.000,0.000,0.000,0.000,0.000,0.000,0.000,4.24,5.66,0.03,0,21,170.2,0.17,0.30,0.0,1.11,42,1.31,1.15,0.61,0.42,0.28,0.13,0.02,0.00,0.00,73,88
2016,323,50,41,18.7,5,0.564,333,398,2,431,730,758,257,0.8,0.003,28,1,0.000,0.000,0.000,0.000,0.000,0.000,0.000,4.23,6.99,0.04,0,28,169.6,0.17,0.30,0.0,1.14,44,1.34,1.19,0.64,0.44,0.30,0.14,0.02,0.00,0.00,78,93
2016,324,51,42,19.0,5,0.587,347,412,3,449,759,795,270,1.1,0.004,36,1,0.000,0.000,0.000,0.000,0.000,0.000,0.000,4.23,8.13,0.04,0,36,169.1,0.17,0.31,0.0,1.16,46,1.38,1.23,0.66,0.45,0.31,0.15,0.03,0.00,0.00,82,99
2016,325,52,43,19.2,5,0.612,367,431,4,473,797,838,291,1.2,0.004,41,2,0.000,0.000,0.000,0.000,0.000,0.000,0.000,4.24,8.64,0.05,0,41,166.9,0.17,0.31,0.0,1.18,49,1.43,1.28,0.70,0.48,0.33,0.17,0.04,0.00,0.00,86,103
2016,326,53,44,19.4,5,0.636,385,449,3,496,834,852,312,0.8,0.003,18,2,0.000,0.000,0.000,0.000,0.000,0.000,0.000,4.24,14.27,0.02,0,18,165.0,0.17,0.31,0.0,1.19,51,1.47,1.32,0.73,0.50,0.35,0.18,0.04,0.00,0.00,89,107
2016,327,54,45,19.7,5,0.661,405,467,3,519,872,894,250,1.2,0.003,22,1,0.000,0.000,0.000,0.000,0.000,0.000,0.000,4.25,13.94,0.03,0,22,163.5,0.18,0.31,0.0,1.21,53,1.52,1.37,0.76,0.53,0.36,0.19,0.05,0.00,0.00,92,111
2016,328,55,46,19.9,5,0.683,418,481,4,536,899,928,274,1.4,0.004,29,1,0.000,0.000,0.000,0.000,0.000,0.000,0.000,4.23,13.49,0.03,0,29,163.4,0.18,0.32,0.0,1.23,55,1.55,1.41,0.78,0.54,0.38,0.20,0.06,0.00,0.00,98,117
2016,329,56,47,20.3,5,0.706,430,494,3,551,924,924,298,0.9,0.003,0,2,0.000,0.000,0.000,0.000,0.000,0.000,0.000,4.23,0.00,0.00,0,0,164.0,0.18,0.32,0.0,1.26,57,1.58,1.44,0.80,0.56,0.39,0.21,0.06,0.00,0.00,105,124
2016,330,57,48,20.6,5,0.734,445,509,4,568,954,961,239,1.5,0.004,7,1,0.000,0.000,0.000,0.000,0.000,0.000,0.000,4.22,48.24,0.01,0,7,165.0,0.18,0.33,0.0,1.28,58,1.61,1.47,0.83,0.58,0.40,0.22,0.07,0.00,0.00,112,131
2016,331,58,49,20.9,5,0.757,457,522,5,583,979,995,279,1.6,0.005,16,2,0.000,0.000,0.000,0.000,0.000,0.000,0.000,4.22,28.66,0.02,0,16,165.6,0.18,0.33,0.0,1.31,60,1.64,1.50,0.85,0.59,0.41,0.22,0.07,0.00,0.00,119,138
2016,332,59,50,21.2,5,0.783,474,538,5,602,1012,1035,290,1.9,0.005,23,2,0.000,0.000,0.000,0.000,0.000,0.000,0.000,4.22,24.25,0.02,0,23,165.2,0.18,0.33,0.0,1.33,62,1.68,1.54,0.87,0.61,0.43,0.23,0.08,0.00,0.00,125,145
2016,333,60,51,21.5,5,0.804,485,551,2,616,1036,1036,301,0.7,0.002,0,2,0.000,0.000,0.000,0.000,0.000,0.000,0.000,4.21,0.00,0.00,0,0,165.7,0.19,0.34,0.0,1.35,63,1.70,1.56,0.89,0.63,0.44,0.24,0.08,0.01,0.00,132,153
2016,334,61,52,21.8,5,0.833,500,566,3,633,1065,1073,204,1.3,0.002,7,1,0.000,0.000,0.000,0.000,0.000,0.000,0.000,4.21,35.41,0.01,0,7,166.8,0.19,0.34,0.0,1.38,65,1.73,1.60,0.91,0.64,0.45,0.25,0.09,0.01,0.00,140,161
2016,335,62,53,22.1,5,0.855,508,575,3,641,1082,1099,253,1.4,0.003,17,1,0.000,0.000,0.000,0.000,0.000,0.000,0.000,4.20,20.84,0.02,0,17,168.5,0.19,0.35,0.0,1.40,66,1.75,1.61,0.93,0.65,0.46,0.25,0.09,0.01,0.00,148,170
2016,336,63,54,22.4,5,0.882,519,587,2,654,1106,1106,302,0.8,0.002,0,2,0.000,0.000,0.000,0.000,0.000,0.000,0.000,4.20,0.00,0.00,0,0,169.9,0.19,0.35,0.0,1.43,67,1.77,1.64,0.94,0.67,0.47,0.26,0.10,0.01,0.00,157,179
2016,337,64,55,22.7,5,0.911,537,606,3,675,1143,1152,308,1.0,0.003,9,2,0.000,0.000,0.000,0.000,0.000,0.000,0.000,4.20,34.08,0.01,0,9,169.7,0.19,0.36,0.0,1.45,70,1.81,1.68,0.97,0.69,0.48,0.27,0.10,0.02,0.00,165,187
2016,338,65,56,23.0,5,0.939,555,624,4,696,1179,1199,390,1.1,0.004,20,2,0.000,0.000,0.000,0.000,0.000,0.000,0.000,4.20,21.38,0.02,0,20,169.1,0.20,0.36,0.0,1.48,72,1.85,1.72,1.00,0.71,0.50,0.28,0.11,0.02,0.00,173,195
2016,339,66,57,23.3,5,0.967,570,640,6,713,1210,1244,463,1.3,0.005,34,3,0.000,0.000,0.000,0.000,0.000,0.000,0.000,4.19,17.23,0.03,0,34,169.6,0.20,0.36,0.0,1.50,74,1.88,1.75,1.02,0.72,0.51,0.29,0.11,0.02,0.00,182,204
2016,340,67,58,23.6,5,0.989,579,651,4,723,1230,1230,512,0.9,0.004,0,3,0.000,0.000,0.000,0.000,0.000,0.000,0.000,4.19,0.00,0.00,0,0,170.7,0.20,0.37,0.0,1.53,75,1.90,1.77,1.03,0.73,0.52,0.30,0.12,0.02,0.00,192,213
2016,341,68,59,23.9,5,0.995,579,652,6,721,1231,1247,475,1.3,0.005,16,3,0.000,0.000,0.000,0.000,0.000,0.000,0.000,4.17,39.01,0.01,0,16,171.9,0.20,0.37,0.0,1.55,75,1.89,1.77,1.03,0.73,0.52,0.30,0.12,0.03,0.00,202,223
2016,342,69,60,24.2,5,1.023,594,668,8,738,1263,1295,531,1.5,0.006,33,3,0.000,0.000,0.000,0.000,0.000,0.000,0.000,4.19,24.70,0.03,0,33,172.2,0.20,0.38,0.0,1.58,76,1.92,1.80,1.05,0.75,0.53,0.30,0.12,0.03,0.00,211,233
2016,343,70,61,24.5,5,1.042,605,680,6,750,1285,1285,627,0.9,0.004,0,4,0.000,0.000,0.000,0.000,0.000,0.000,0.000,4.19,0.00,0.00,0,0,172.2,0.20,0.38,0.0,1.60,78,1.94,1.82,1.07,0.76,0.54,0.31,0.13,0.03,0.00,220,241
2016,344,71,62,24.7,5,1.058,618,693,7,764,1311,1322,574,1.2,0.005,11,3,0.000,0.000,0.000,0.000,0.000,0.000,0.000,4.19,61.27,0.01,0,11,171.3,0.21,0.38,0.0,1.62,79,1.97,1.85,1.09,0.77,0.55,0.32,0.13,0.03,0.00,228,248
2016,345,72,63,24.9,5,1.087,638,714,8,787,1352,1377,651,1.3,0.006,25,4,0.000,0.000,0.000,0.000,0.000,0.000,0.000,4.20,33.38,0.02,0,25,170.3,0.21,0.39,0.0,1.64,81,2.01,1.89,1.11,0.80,0.57,0.33,0.14,0.04,0.00,235,256
2016,346,73,64,25.2,5,1.104,647,725,11,797,1373,1418,716,1.5,0.008,45,4,0.000,0.000,0.000,0.000,0.000,0.000,0.000,4.19,23.98,0.03,0,45,170.6,0.21,0.39,0.0,1.66,83,2.03,1.91,1.13,0.81,0.58,0.33,0.14,0.04,0.00,245,266
2016,347,74,65,25.4,5,1.125,656,736,5,806,1392,1392,788,0.6,0.004,0,4,0.000,0.000,0.000,0.000,0.000,0.000,0.000,4.18,0.00,0.00,0,0,171.5,0.21,0.39,0.0,1.69,84,2.04,1.93,1.14,0.82,0.58,0.34,0.14,0.04,0.00,255,277
2016,348,75,66,25.7,5,1.151,669,750,7,820,1419,1439,611,1.2,0.005,20,3,0.000,0.000,0.000,0.000,0.000,0.000,0.000,4.18,35.63,0.01,0,20,172.0,0.21,0.40,0.0,1.71,85,2.07,1.95,1.16,0.83,0.59,0.35,0.15,0.05,0.01,266,287
2016,349,76,67,26.0,5,1.173,680,762,10,832,1442,1487,785,1.2,0.006,45,4,0.000,0.000,0.000,0.000,0.000,0.000,0.000,4.18,21.33,0.03,0,45,172.6,0.21,0.40,0.0,1.74,86,2.09,1.98,1.17,0.84,0.60,0.35,0.15,0.05,0.01,278,298
2016,350,77,68,26.3,5,1.193,692,777,7,845,1469,1469,929,0.7,0.005,0,6,0.000,0.000,0.000,0.000,0.000,0.000,0.000,4.18,0.00,0.00,0,0,172.2,0.21,0.40,0.0,1.76,88,2.11,2.00,1.19,0.85,0.61,0.36,0.16,0.05,0.01,289,309
2016,351,78,69,26.5,5,1.216,709,795,9,864,1504,1526,832,1.1,0.006,22,4,0.000,0.000,0.000,0.000,0.000,0.000,0.000,4.18,42.77,0.01,0,22,171.3,0.21,0.41,0.0,1.78,90,2.14,2.04,1.21,0.87,0.63,0.37,0.16,0.05,0.01,299,318
2016,352,79,70,26.7,5,1.234,720,807,12,875,1527,1578,920,1.4,0.008,51,5,0.000,0.000,0.000,0.000,0.000,0.000,0.000,4.18,24.62,0.03,0,51,171.3,0.21,0.41,0.0,1.80,91,2.16,2.06,1.23,0.88,0.63,0.37,0.17,0.06,0.01,311,329
2016,353,80,71,27.0,5,1.245,724,813,16,877,1537,1617,979,1.6,0.010,80,5,0.000,0.000,0.000,0.000,0.000,0.000,0.000,4.17,20.07,0.05,0,80,172.0,0.21,0.41,0.0,1.80,91,2.17,2.06,1.23,0.88,0.64,0.38,0.17,0.06,0.01,322,341
2016,354,81,72,27.2,5,1.261,732,823,10,885,1554,1554,1101,0.9,0.006,0,6,0.000,0.000,0.000,0.000,0.000,0.000,0.000,4.17,0.00,0.00,0,0,172.4,0.22,0.42,0.0,1.80,92,2.18,2.07,1.24,0.89,0.64,0.38,0.17,0.06,0.01,335,353
2016,355,82,73,27.5,5,1.266,731,824,13,882,1555,1587,941,1.4,0.008,32,5,0.000,0.000,0.000,0.000,0.000,0.000,0.000,4.16,41.77,0.02,0,32,173.2,0.22,0.42,0.0,1.80,92,2.17,2.06,1.24,0.89,0.64,0.38,0.17,0.06,0.02,349,366
2016,356,83,74,27.7,5,1.265,729,825,17,879,1555,1619,1152,1.5,0.010,64,6,0.000,0.000,0.000,0.000,0.000,0.000,0.000,4.15,26.13,0.04,0,64,173.5,0.22,0.42,0.0,1.80,92,2.16,2.06,1.23,0.89,0.64,0.38,0.17,0.06,0.02,362,376
2016,357,84,75,27.9,5,1.284,743,840,8,893,1583,1583,1320,0.6,0.005,0,7,0.000,0.000,0.000,0.000,0.000,0.000,0.000,4.17,0.00,0.00,0,0,172.8,0.22,0.43,0.0,1.80,93,2.18,2.08,1.25,0.90,0.65,0.38,0.17,0.06,0.02,374,387
2016,358,85,76,28.1,5,1.303,756,856,12,907,1612,1645,1043,1.1,0.007,33,6,0.000,0.000,0.000,0.000,0.000,0.000,0.000,4.17,35.48,0.02,0,33,172.3,0.22,0.43,0.0,1.80,94,2.21,2.11,1.27,0.91,0.66,0.39,0.18,0.07,0.02,386,398
2016,359,86,77,28.3,5,1.319,766,867,16,917,1634,1703,1266,1.2,0.009,70,7,0.000,0.000,0.000,0.000,0.000,0.000,0.000,4.17,22.41,0.04,0,70,172.1,0.22,0.43,0.0,1.80,95,2.22,2.13,1.28,0.92,0.67,0.40,0.18,0.07,0.02,400,409
2016,360,87,78,28.6,5,1.333,773,877,21,923,1650,1762,1266,1.6,0.012,112,8,0.000,0.000,0.000,0.000,0.000,0.000,0.000,4.16,18.41,0.06,0,112,172.4,0.22,0.43,0.0,1.80,96,2.23,2.14,1.29,0.93,0.67,0.40,0.18,0.07,0.02,411,421
2016,361,88,79,28.8,5,1.348,781,887,13,930,1667,1667,1417,0.9,0.008,0,8,0.000,0.000,0.000,0.000,0.000,0.000,0.000,4.16,0.00,0.00,0,0,172.7,0.22,0.44,0.0,1.80,97,2.24,2.15,1.30,0.94,0.68,0.40,0.19,0.07,0.02,426,434
2016,362,89,80,29.0,5,1.364,789,897,17,937,1686,1723,1193,1.5,0.010,37,6,0.000,0.000,0.000,0.000,0.000,0.000,0.000,4.16,47.20,0.02,0,37,172.9,0.22,0.44,0.0,1.80,98,2.26,2.16,1.31,0.94,0.68,0.41,0.19,0.07,0.02,440,446
2016,363,90,81,29.2,5,1.378,797,907,22,945,1704,1782,1418,1.6,0.012,78,8,0.000,0.000,0.000,0.000,0.000,0.000,0.000,4.16,28.30,0.04,0,78,172.9,0.22,0.44,0.0,1.80,99,2.27,2.18,1.32,0.95,0.69,0.41,0.19,0.08,0.03,456,458
2016,364,91,82,29.4,5,1.392,806,919,12,953,1725,1725,1614,0.7,0.007,0,9,0.000,0.000,0.000,0.000,0.000,0.000,0.000,4.16,0.00,0.00,0,0,172.7,0.22,0.45,0.0,1.80,99,2.28,2.19,1.33,0.96,0.69,0.42,0.19,0.08,0.03,471,470
2016,365,92,83,29.5,5,1.416,830,942,13,978,1772,1783,1208,1.1,0.007,11,7,0.000,0.000,0.000,0.000,0.000,0.000,0.000,4.19,99.99,0.01,0,11,170.6,0.22,0.45,0.0,1.80,102,2.33,2.24,1.36,0.98,0.71,0.43,0.20,0.08,0.03,477,476
2016,366,93,84,29.6,5,1.441,852,965,15,1001,1817,1848,1208,1.3,0.008,31,7,0.000,0.000,0.000,0.000,0.000,0.000,0.000,4.19,49.67,0.02,0,31,169.2,0.22,0.45,0.0,1.80,104,2.37,2.28,1.38,1.00,0.73,0.44,0.21,0.08,0.03,483,484
2017,001,94,85,29.8,5,1.456,862,978,20,1011,1840,1908,1311,1.5,0.010,68,7,0.000,0.000,0.000,0.000,0.000,0.000,0.000,4.18,29.01,0.04,0,68,168.8,0.22,0.45,0.0,1.80,105,2.39,2.30,1.40,1.01,0.73,0.44,0.21,0.09,0.03,497,496
2017,002,95,86,30.1,5,1.470,870,989,13,1019,1859,1859,1410,0.9,0.007,0,8,0.000,0.000,0.000,0.000,0.000,0.000,0.000,4.17,0.00,0.00,0,0,168.9,0.22,0.45,0.0,1.80,106,2.41,2.32,1.41,1.02,0.74,0.45,0.21,0.09,0.03,512,509
2017,003,96,87,30.3,5,1.483,876,997,17,1023,1872,1912,1187,1.5,0.009,40,6,0.000,0.000,0.000,0.000,0.000,0.000,0.000,4.17,43.71,0.02,0,40,169.4,0.22,0.46,0.0,1.80,107,2.41,2.32,1.41,1.02,0.74,0.45,0.21,0.09,0.03,529,523
2017,004,97,88,30.5,5,1.498,887,1010,21,1033,1897,1974,1383,1.5,0.011,77,7,0.000,0.000,0.000,0.000,0.000,0.000,0.000,4.18,27.75,0.04,0,77,168.9,0.23,0.46,0.0,1.80,108,2.43,2.34,1.43,1.03,0.75,0.45,0.22,0.09,0.04,544,535
2017,005,98,89,30.7,5,1.511,897,1023,11,1043,1920,1920,1784,0.6,0.006,0,10,0.000,0.000,0.000,0.000,0.000,0.000,0.000,4.18,0.00,0.00,0,0,168.4,0.23,0.46,0.0,1.80,109,2.45,2.36,1.44,1.04,0.76,0.46,0.22,0.09,0.04,562,547
2017,006,99,90,30.9,5,1.532,914,1041,15,1060,1955,1991,1279,1.2,0.007,35,7,0.000,0.000,0.000,0.000,0.000,0.000,0.000,4.19,42.20,0.02,0,35,167.6,0.23,0.46,0.0,1.80,110,2.48,2.39,1.46,1.06,0.77,0.47,0.22,0.10,0.04,573,559
2017,007,100,91,31.0,5,1.528,911,1040,17,1055,1952,2010,1493,1.2,0.009,58,8,0.000,0.000,0.000,0.000,0.000,0.000,0.000,4.18,29.79,0.03,0,58,167.7,0.23,0.47,0.0,1.80,110,2.46,2.38,1.45,1.06,0.77,0.46,0.22,0.10,0.04,582,567
2017,008,101,92,31.0,5,1.551,935,1063,18,1079,1998,2063,1493,1.2,0.009,65,8,0.000,0.000,0.000,0.000,0.000,0.000,0.000,4.21,27.87,0.03,0,65,165.8,0.23,0.47,0.0,1.80,112,2.51,2.43,1.48,1.08,0.78,0.47,0.23,0.10,0.04,585,571
2017,009,102,93,31.2,5,1.576,960,1088,12,1104,2048,2048,1664,0.7,0.006,0,9,0.000,0.000,0.000,0.000,0.000,0.000,0.000,4.21,0.00,0.00,0,0,164.3,0.23,0.47,0.0,1.80,115,2.56,2.48,1.51,1.10,0.80,0.49,0.24,0.10,0.04,594,579
2017,010,103,94,31.3,5,1.598,978,1108,15,1123,2086,2115,1352,1.1,0.007,28,7,0.000,0.000,0.000,0.000,0.000,0.000,0.000,4.21,52.81,0.01,0,28,163.4,0.23,0.47,0.0,1.80,117,2.59,2.51,1.54,1.12,0.81,0.50,0.24,0.11,0.04,603,589
2017,011,104,95,31.5,5,1.614,990,1123,19,1134,2114,2182,1557,1.2,0.009,69,8,0.000,0.000,0.000,0.000,0.000,0.000,0.000,4.20,28.15,0.03,0,69,162.9,0.23,0.47,0.0,1.80,118,2.62,2.54,1.55,1.13,0.82,0.50,0.24,0.11,0.05,619,602
2017,012,105,96,31.8,5,1.628,1003,1138,16,1146,2141,2141,1832,0.9,0.007,0,10,0.000,0.000,0.000,0.000,0.000,0.000,0.000,4.21,0.00,0.00,0,0,162.4,0.23,0.47,0.0,1.80,119,2.64,2.56,1.57,1.14,0.83,0.51,0.25,0.11,0.05,637,616
2017,013,106,97,32.0,5,1.627,1000,1139,22,1141,2139,2196,1800,1.2,0.010,58,10,0.000,0.000,0.000,0.000,0.000,0.000,0.000,4.19,37.65,0.03,0,58,162.7,0.23,0.47,0.0,1.80,119,2.63,2.55,1.56,1.14,0.83,0.51,0.25,0.11,0.05,660,631
2017,014,107,98,32.2,5,1.623,996,1139,29,1136,2136,2259,2177,1.3,0.013,123,12,0.000,0.000,0.000,0.000,0.000,0.000,0.000,4.19,23.49,0.05,0,123,162.9,0.23,0.48,0.0,1.80,119,2.61,2.54,1.56,1.13,0.83,0.50,0.25,0.11,0.05,682,646
2017,015,108,99,32.4,5,1.618,993,1139,37,1130,2132,2327,2290,1.6,0.016,195,13,0.000,0.000,0.000,0.000,0.000,0.000,0.000,4.19,19.24,0.08,0,195,163.0,0.23,0.48,0.0,1.80,118,2.60,2.53,1.55,1.13,0.82,0.50,0.25,0.11,0.05,698,661
2017,016,109,100,32.6,5,1.611,988,1138,20,1123,2126,2126,2796,0.7,0.009,0,15,0.000,0.000,0.000,0.000,0.000,0.000,0.000,4.18,0.00,0.00,0,0,163.1,0.23,0.48,0.0,1.80,117,2.59,2.51,1.54,1.12,0.82,0.50,0.25,0.11,0.05,717,675
2017,017,110,101,32.7,5,1.613,989,1143,27,1123,2132,2203,2379,1.2,0.012,71,13,0.000,0.000,0.000,0.000,0.000,0.000,0.000,4.18,38.48,0.03,0,71,163.1,0.23,0.48,0.0,1.80,117,2.58,2.51,1.54,1.12,0.82,0.50,0.25,0.11,0.05,735,690
2017,018,111,102,32.9,5,1.615,992,1148,36,1124,2140,2287,2719,1.3,0.016,147,15,0.000,0.000,0.000,0.000,0.000,0.000,0.000,4.18,24.52,0.06,0,147,162.8,0.23,0.49,0.0,1.80,118,2.58,2.51,1.54,1.12,0.82,0.50,0.25,0.11,0.05,751,703
2017,019,112,103,33.0,5,1.621,998,1157,26,1128,2155,2155,2719,0.9,0.012,0,15,0.000,0.000,0.000,0.000,0.000,0.000,0.000,4.19,0.00,0.00,0,0,162.4,0.23,0.49,0.0,1.80,118,2.59,2.52,1.55,1.13,0.82,0.50,0.25,0.11,0.05,764,716
2017,020,113,104,33.1,5,1.620,998,1161,34,1127,2159,2232,2402,1.4,0.015,73,13,0.000,0.000,0.000,0.000,0.000,0.000,0.000,4.18,45.94,0.03,0,73,162.3,0.23,0.49,0.0,1.80,118,2.58,2.51,1.55,1.13,0.82,0.50,0.25,0.11,0.05,781,730
2017,021,114,105,33.3,5,1.619,998,1164,43,1125,2162,2320,2743,1.6,0.019,158,15,0.000,0.000,0.000,0.000,0.000,0.000,0.000,4.18,27.16,0.07,0,158,162.3,0.23,0.49,0.0,1.80,118,2.58,2.51,1.54,1.12,0.82,0.50,0.25,0.11,0.05,800,745
2017,022,115,106,33.4,5,1.598,985,1156,54,1107,2141,2364,3055,1.8,0.023,223,17,0.000,0.000,0.000,0.000,0.000,0.000,0.000,4.17,24.40,0.09,0,223,162.3,0.23,0.49,0.0,1.80,116,2.54,2.47,1.52,1.11,0.81,0.50,0.25,0.11,0.05,817,760
2017,023,116,107,33.5,5,1.585,976,1151,24,1097,2127,2127,3423,0.7,0.011,0,21,0.000,0.000,0.000,0.000,0.000,0.000,0.000,4.17,0.00,0.00,0,0,162.4,0.23,0.49,0.0,1.80,115,2.52,2.45,1.51,1.10,0.80,0.49,0.24,0.11,0.05,836,775
2017,024,117,108,33.6,5,1.600,991,1168,30,1110,2159,2223,2537,1.2,0.014,64,16,0.000,0.000,0.000,0.000,0.000,0.000,0.000,4.18,47.59,0.03,0,64,161.4,0.23,0.50,0.0,1.80,116,2.54,2.47,1.52,1.11,0.81,0.50,0.25,0.11,0.05,852,786
2017,025,118,109,33.7,5,1.611,1003,1182,38,1120,2185,2317,2959,1.3,0.016,132,16,0.000,0.000,0.000,0.000,0.000,0.000,0.000,4.19,28.82,0.06,0,132,160.7,0.23,0.50,0.0,1.80,117,2.56,2.49,1.54,1.12,0.82,0.50,0.25,0.12,0.05,867,799
2017,026,119,110,33.8,5,1.590,989,1173,27,1104,2163,2163,3356,0.8,0.012,0,18,0.000,0.000,0.000,0.000,0.000,0.000,0.000,4.17,0.00,0.00,0,0,160.7,0.23,0.50,0.0,1.80,116,2.52,2.46,1.52,1.10,0.81,0.50,0.25,0.11,0.05,886,814
2017,027,120,111,33.9,5,1.584,986,1173,35,1099,2159,2241,3023,1.2,0.016,83,16,0.000,0.000,0.000,0.000,0.000,0.000,0.000,4.17,42.83,0.04,0,83,160.7,0.24,0.50,0.0,1.80,115,2.51,2.45,1.51,1.10,0.80,0.49,0.25,0.11,0.05,902,827
2017,028,121,112,34.0,5,1.593,997,1185,40,1108,2182,2305,3253,1.2,0.017,123,18,0.000,0.000,0.000,0.000,0.000,0.000,0.000,4.18,32.52,0.05,0,123,159.8,0.24,0.50,0.0,1.80,116,2.53,2.46,1.52,1.11,0.81,0.50,0.25,0.12,0.05,909,835
2017,029,122,113,34.0,5,1.595,1000,1189,44,1108,2189,2347,3253,1.4,0.019,157,18,0.000,0.000,0.000,0.000,0.000,0.000,0.000,4.19,28.11,0.07,0,157,159.5,0.24,0.50,0.0,1.80,116,2.53,2.46,1.52,1.11,0.81,0.50,0.25,0.12,0.05,915,843
2017,030,123,114,34.1,5,1.618,1027,1217,24,1134,2244,2244,3686,0.6,0.011,0,20,0.000,0.000,0.000,0.000,0.000,0.000,0.000,4.20,0.00,0.00,0,0,157.6,0.24,0.50,0.0,1.80,119,2.58,2.51,1.55,1.13,0.83,0.51,0.25,0.12,0.05,925,851
2017,031,124,115,34.2,5,1.640,1050,1242,29,1156,2292,2338,3196,0.9,0.012,46,17,0.000,0.000,0.000,0.000,0.000,0.000,0.000,4.21,63.16,0.02,0,46,156.2,0.24,0.50,0.0,1.80,121,2.62,2.55,1.58,1.15,0.84,0.52,0.26,0.12,0.06,938,860
2017,032,125,116,34.3,5,1.660,1070,1264,36,1174,2334,2440,3196,1.1,0.015,106,17,0.000,0.000,0.000,0.000,0.000,0.000,0.000,4.22,34.09,0.04,0,106,155.1,0.24,0.50,0.0,1.80,123,2.65,2.59,1.60,1.17,0.86,0.53,0.27,0.13,0.06,947,871
2017,033,126,117,34.4,5,1.661,1073,1270,28,1175,2342,2342,3617,0.8,0.012,0,20,0.000,0.000,0.000,0.000,0.000,0.000,0.000,4.21,0.00,0.00,0,0,154.8,0.24,0.50,0.0,1.80,123,2.65,2.59,1.60,1.17,0.86,0.53,0.27,0.13,0.06,966,884
2017,034,127,118,34.6,5,1.664,1078,1278,38,1178,2356,2445,3141,1.2,0.015,89,17,0.000,0.000,0.000,0.000,0.000,0.000,0.000,4.21,42.37,0.04,0,89,154.4,0.24,0.50,0.0,1.80,123,2.66,2.59,1.61,1.17,0.86,0.53,0.27,0.13,0.06,985,898
2017,035,128,119,34.7,5,1.659,1075,1279,49,1173,2355,2547,3739,1.3,0.019,192,20,0.000,0.000,0.000,0.000,0.000,0.000,0.000,4.21,25.57,0.08,0,192,154.3,0.24,0.51,0.0,1.80,123,2.65,2.58,1.60,1.17,0.86,0.53,0.27,0.13,0.06,1010,913
2017,036,129,120,34.8,5,1.649,1069,1277,63,1165,2345,2647,4214,1.5,0.024,302,23,0.000,0.000,0.000,0.000,0.000,0.000,0.000,4.21,20.85,0.11,0,302,154.3,0.24,0.51,0.0,1.80,122,2.63,2.57,1.59,1.16,0.85,0.52,0.26,0.13,0.06,1031,927
2017,037,130,121,34.9,5,1.645,1068,1279,35,1162,2346,2346,4563,0.8,0.015,0,25,0.000,0.000,0.000,0.000,0.000,0.000,0.000,4.20,0.00,0.00,0,0,154.1,0.24,0.51,0.0,1.80,122,2.62,2.56,1.59,1.16,0.85,0.52,0.26,0.13,0.06,1048,941
2017,038,131,122,35.0,5,1.634,1060,1275,47,1153,2335,2446,3485,1.3,0.019,111,19,0.000,0.000,0.000,0.000,0.000,0.000,0.000,4.20,42.36,0.05,0,111,154.2,0.24,0.51,0.0,1.80,121,2.60,2.54,1.57,1.15,0.84,0.52,0.26,0.13,0.06,1068,956
2017,039,132,123,35.1,5,1.616,1047,1267,61,1138,2313,2544,4013,1.5,0.024,231,22,0.000,0.000,0.000,0.000,0.000,0.000,0.000,4.19,26.52,0.09,0,231,154.3,0.24,0.51,0.0,1.80,120,2.57,2.51,1.56,1.14,0.83,0.51,0.26,0.12,0.06,1089,971
2017,040,133,124,35.2,5,1.599,1035,1259,35,1124,2294,2294,4567,0.8,0.015,0,28,0.000,0.000,0.000,0.000,0.000,0.000,0.000,4.18,0.00,0.00,0,0,154.5,0.24,0.51,0.0,1.80,118,2.54,2.48,1.54,1.12,0.82,0.51,0.26,0.12,0.06,1109,986
2017,041,134,125,35.3,5,1.612,1050,1277,44,1137,2327,2402,3777,1.2,0.018,75,20,0.000,0.000,0.000,0.000,0.000,0.000,0.000,4.18,58.56,0.03,0,75,153.5,0.24,0.51,0.0,1.80,120,2.56,2.51,1.55,1.14,0.83,0.51,0.26,0.13,0.06,1126,998
2017,042,135,126,35.4,5,1.616,1056,1286,55,1141,2342,2517,4291,1.3,0.022,175,23,0.000,0.000,0.000,0.000,0.000,0.000,0.000,4.18,31.69,0.07,0,175,152.9,0.24,0.51,0.0,1.80,120,2.57,2.52,1.56,1.14,0.84,0.52,0.26,0.13,0.06,1143,1010
2017,043,136,127,35.4,5,1.610,1055,1288,70,1138,2342,2639,4779,1.5,0.026,297,26,0.000,0.000,0.000,0.000,0.000,0.000,0.000,4.17,23.45,0.11,0,297,152.7,0.24,0.51,0.0,1.80,120,2.56,2.51,1.56,1.14,0.83,0.51,0.26,0.13,0.06,1160,1023
2017,044,137,128,35.5,5,1.593,1043,1280,44,1124,2322,2322,5209,0.8,0.019,0,28,0.000,0.000,0.000,0.000,0.000,0.000,0.000,4.16,0.00,0.00,0,0,152.8,0.24,0.52,0.0,1.80,118,2.53,2.48,1.54,1.13,0.82,0.51,0.26,0.12,0.06,1178,1037
2017,045,138,129,35.6,5,1.576,1030,1271,60,1110,2301,2420,4263,1.4,0.025,118,23,0.000,0.000,0.000,0.000,0.000,0.000,0.000,4.14,50.44,0.05,0,118,153.0,0.24,0.52,0.0,1.80,117,2.51,2.45,1.52,1.11,0.81,0.50,0.26,0.12,0.06,1197,1052
2017,046,139,130,35.7,5,1.558,1017,1263,78,1095,2280,2515,4765,1.6,0.031,235,26,0.000,0.000,0.000,0.000,0.000,0.000,0.000,4.13,33.02,0.09,0,235,153.2,0.24,0.52,0.0,1.80,116,2.47,2.42,1.50,1.10,0.80,0.50,0.25,0.12,0.06,1214,1068
2017,047,140,131,35.7,5,1.570,1033,1281,36,1108,2313,2313,5292,0.7,0.016,0,29,0.000,0.000,0.000,0.000,0.000,0.000,0.000,4.13,0.00,0.00,0,0,152.1,0.24,0.52,0.0,1.80,117,2.50,2.45,1.52,1.11,0.81,0.50,0.26,0.12,0.06,1226,1078
2017,048,141,132,35.8,5,1.587,1052,1303,43,1125,2355,2419,3927,1.1,0.018,64,21,0.000,0.000,0.000,0.000,0.000,0.000,0.000,4.13,67.69,0.03,0,64,150.8,0.24,0.52,0.0,1.80,119,2.53,2.48,1.54,1.13,0.83,0.51,0.26,0.13,0.06,1237,1087
2017,049,142,133,35.8,5,1.573,1042,1296,55,1113,2338,2495,4434,1.2,0.022,157,24,0.000,0.000,0.000,0.000,0.000,0.000,0.000,4.12,35.22,0.06,0,157,151.0,0.24,0.52,0.0,1.80,117,2.51,2.45,1.52,1.12,0.82,0.51,0.26,0.13,0.06,1253,1099
2017,050,143,134,35.9,5,1.556,1030,1288,73,1099,2318,2608,4870,1.5,0.028,290,26,0.000,0.000,0.000,0.000,0.000,0.000,0.000,4.10,25.16,0.11,0,290,151.1,0.24,0.52,0.0,1.80,116,2.48,2.43,1.51,1.10,0.81,0.50,0.26,0.12,0.06,1271,1114
2017,051,144,135,36.0,5,1.546,1023,1285,43,1091,2309,2309,5259,0.8,0.019,0,28,0.000,0.000,0.000,0.000,0.000,0.000,0.000,4.09,0.00,0.00,0,0,151.0,0.24,0.52,0.0,1.80,115,2.46,2.41,1.50,1.10,0.80,0.50,0.25,0.12,0.06,1288,1127
2017,052,145,136,36.1,5,1.529,1011,1277,58,1077,2288,2393,4069,1.4,0.024,105,22,0.000,0.000,0.000,0.000,0.000,0.000,0.000,4.08,55.49,0.04,0,105,151.2,0.24,0.52,0.0,1.80,114,2.43,2.38,1.48,1.08,0.79,0.49,0.25,0.12,0.06,1304,1142
2017,053,146,137,36.1,5,1.512,999,1269,73,1063,2267,2438,4517,1.6,0.030,171,27,0.000,0.000,0.000,0.000,0.000,0.000,0.000,4.06,42.85,0.07,0,171,151.4,0.24,0.52,0.0,1.80,113,2.40,2.35,1.46,1.07,0.78,0.49,0.25,0.12,0.06,1319,1155
2017,054,147,138,36.2,5,1.497,988,1262,46,1051,2250,2250,5021,0.9,0.020,0,27,0.000,0.000,0.000,0.000,0.000,0.000,0.000,4.05,0.00,0.00,0,0,151.5,0.24,0.52,0.0,1.80,111,2.38,2.33,1.45,1.06,0.78,0.48,0.25,0.12,0.06,1334,1168
2017,055,148,139,36.2,5,1.485,980,1257,59,1040,2237,2365,3646,1.6,0.025,128,23,0.000,0.000,0.000,0.000,0.000,0.000,0.000,4.04,46.24,0.05,0,128,151.6,0.24,0.52,0.0,1.80,110,2.35,2.30,1.43,1.05,0.77,0.48,0.24,0.12,0.06,1348,1182
2017,056,149,140,36.2,5,1.470,969,1250,74,1027,2219,2480,4588,1.6,0.030,261,25,0.000,0.000,0.000,0.000,0.000,0.000,0.000,4.02,28.41,0.11,0,261,151.7,0.24,0.52,0.0,1.80,109,2.32,2.28,1.42,1.04,0.76,0.47,0.24,0.12,0.06,1371,1197
2017,057,150,141,36.3,5,1.467,969,1255,91,1025,2224,2613,4588,2.0,0.035,389,27,0.000,0.000,0.000,0.000,0.000,0.000,0.000,4.01,23.43,0.15,0,389,151.3,0.24,0.52,0.0,1.80,109,2.32,2.27,1.41,1.03,0.76,0.47,0.24,0.12,0.06,1383,1209
2017,058,151,142,36.3,5,1.460,965,1254,28,1019,2219,2219,4948,0.6,0.013,0,27,0.000,0.000,0.000,0.000,0.000,0.000,0.000,4.00,0.00,0.00,0,0,151.3,0.24,0.52,0.0,1.80,108,2.31,2.26,1.40,1.03,0.75,0.47,0.24,0.12,0.06,1401,1222
2017,059,152,143,36.4,5,1.462,967,1261,38,1019,2228,2313,2862,1.3,0.016,85,15,0.000,0.000,0.000,0.000,0.000,0.000,0.000,3.99,44.43,0.04,0,85,151.2,0.24,0.53,0.0,1.80,108,2.30,2.26,1.40,1.03,0.75,0.47,0.24,0.12,0.06,1417,1235
2017,060,153,144,36.4,5,1.467,972,1269,48,1021,2241,2419,3177,1.5,0.020,178,17,0.000,0.000,0.000,0.000,0.000,0.000,0.000,3.98,27.21,0.07,0,178,151.0,0.24,0.53,0.0,1.80,108,2.31,2.26,1.41,1.03,0.76,0.47,0.24,0.12,0.06,1435,1248
2017,061,154,145,36.5,5,1.467,973,1275,32,1019,2248,2248,3510,0.9,0.014,0,19,0.000,0.000,0.000,0.000,0.000,0.000,0.000,3.97,0.00,0.00,0,0,150.8,0.24,0.53,0.0,1.80,108,2.30,2.26,1.40,1.03,0.75,0.47,0.24,0.12,0.06,1454,1262
2017,062,155,146,36.5,5,1.480,987,1293,41,1030,2280,2364,2887,1.4,0.017,83,16,0.000,0.000,0.000,0.000,0.000,0.000,0.000,3.96,49.42,0.04,0,83,149.9,0.24,0.53,0.0,1.80,109,2.32,2.28,1.42,1.04,0.76,0.47,0.24,0.12,0.06,1473,1274
2017,063,156,147,36.6,5,1.497,1008,1317,49,1047,2325,2481,3365,1.5,0.020,155,18,0.000,0.000,0.000,0.000,0.000,0.000,0.000,3.96,31.81,0.06,0,155,148.5,0.24,0.53,0.0,1.80,111,2.35,2.31,1.44,1.05,0.77,0.48,0.25,0.12,0.06,1491,1286
2017,064,157,148,36.7,5,1.499,1012,1325,63,1049,2337,2598,3714,1.7,0.024,261,20,0.000,0.000,0.000,0.000,0.000,0.000,0.000,3.95,23.95,0.10,0,261,148.2,0.24,0.53,0.0,1.80,111,2.35,2.31,1.44,1.06,0.77,0.48,0.25,0.12,0.06,1509,1299
2017,065,158,149,36.8,5,1.500,1014,1332,25,1048,2346,2346,4002,0.6,0.011,0,22,0.000,0.000,0.000,0.000,0.000,0.000,0.000,3.94,0.00,0.00,0,0,147.9,0.24,0.53,0.0,1.80,111,2.35,2.31,1.44,1.06,0.77,0.48,0.25,0.12,0.06,1525,1312
2017,066,159,150,36.9,5,1.509,1025,1346,34,1056,2371,2452,2777,1.2,0.014,81,15,0.000,0.000,0.000,0.000,0.000,0.000,0.000,3.94,41.42,0.03,0,81,147.3,0.24,0.53,0.0,1.80,112,2.37,2.32,1.45,1.06,0.78,0.48,0.25,0.12,0.06,1540,1325
2017,067,160,151,37.0,5,1.510,1027,1352,44,1055,2379,2560,3233,1.4,0.017,182,17,0.000,0.000,0.000,0.000,0.000,0.000,0.000,3.93,24.37,0.07,0,182,147.0,0.24,0.53,0.0,1.80,112,2.36,2.32,1.45,1.06,0.78,0.48,0.25,0.12,0.06,1557,1338
2017,068,161,152,37.1,5,1.508,1027,1356,31,1053,2383,2383,3795,0.8,0.013,0,21,0.000,0.000,0.000,0.000,0.000,0.000,0.000,3.92,0.00,0.00,0,0,146.9,0.24,0.53,0.0,1.80,112,2.36,2.32,1.45,1.06,0.78,0.48,0.25,0.12,0.06,1576,1351
2017,069,162,153,37.2,5,1.513,1033,1366,43,1055,2399,2508,3424,1.2,0.017,109,19,0.000,0.000,0.000,0.000,0.000,0.000,0.000,3.91,39.27,0.04,0,109,146.5,0.24,0.53,0.0,1.80,112,2.36,2.32,1.45,1.06,0.78,0.49,0.25,0.13,0.06,1595,1365
2017,070,163,154,37.2,5,1.516,1037,1375,56,1057,2412,2635,3938,1.4,0.021,223,21,0.000,0.000,0.000,0.000,0.000,0.000,0.000,3.90,24.93,0.08,0,223,146.1,0.24,0.54,0.0,1.80,112,2.36,2.32,1.45,1.06,0.78,0.49,0.25,0.13,0.06,1615,1378
2017,071,164,155,37.2,5,1.500,1025,1367,72,1043,2392,2722,4393,1.6,0.026,330,24,0.000,0.000,0.000,0.000,0.000,0.000,0.000,3.89,21.83,0.12,0,330,146.3,0.24,0.54,0.0,1.80,111,2.33,2.29,1.43,1.05,0.77,0.48,0.25,0.12,0.06,1633,1393
2017,072,165,156,37.2,5,1.484,1013,1358,39,1028,2371,2371,5227,0.7,0.016,0,28,0.000,0.000,0.000,0.000,0.000,0.000,0.000,3.87,0.00,0.00,0,0,146.5,0.24,0.54,0.0,1.80,109,2.30,2.26,1.41,1.04,0.76,0.47,0.25,0.12,0.06,1652,1407
2017,073,166,157,37.2,5,1.485,1017,1366,53,1030,2383,2499,4081,1.3,0.021,116,22,0.000,0.000,0.000,0.000,0.000,0.000,0.000,3.86,45.67,0.05,0,116,146.0,0.25,0.54,0.0,1.80,110,2.30,2.27,1.42,1.04,0.76,0.48,0.25,0.12,0.06,1667,1420
2017,074,167,158,37.2,5,1.510,1053,1405,58,1062,2459,2619,4081,1.4,0.022,160,22,0.000,0.000,0.000,0.000,0.000,0.000,0.000,3.87,36.49,0.06,0,160,143.3,0.25,0.54,0.0,1.80,113,2.37,2.33,1.46,1.07,0.78,0.49,0.25,0.13,0.06,1673,1426
2017,075,168,159,37.2,5,1.532,1083,1437,42,1087,2520,2520,4536,0.9,0.017,0,25,0.000,0.000,0.000,0.000,0.000,0.000,0.000,3.88,0.00,0.00,0,0,141.5,0.25,0.54,0.0,1.80,115,2.42,2.38,1.49,1.09,0.80,0.50,0.26,0.13,0.07,1682,1433
2017,076,169,160,37.2,5,1.557,1113,1470,50,1111,2583,2649,3721,1.3,0.019,66,20,0.000,0.000,0.000,0.000,0.000,0.000,0.000,3.88,76.14,0.02,0,66,140.0,0.25,0.54,0.0,1.80,118,2.46,2.43,1.52,1.11,0.82,0.51,0.27,0.13,0.07,1690,1443
2017,077,170,161,37.2,5,1.575,1135,1496,61,1128,2631,2785,4105,1.5,0.022,154,22,0.000,0.000,0.000,0.000,0.000,0.000,0.000,3.88,39.38,0.06,0,154,138.8,0.25,0.54,0.0,1.80,119,2.50,2.46,1.54,1.13,0.83,0.52,0.27,0.14,0.07,1705,1455
*DSSA,Cr,ing,ste,odel,r. 4,.5.01,re-r,ase,N 25,025,40:1,,,,,,,,,,,,,,,,,,,,,,,,,,,,,,,,,,,
*RUN,2,,Bri,ance,,,RGRO,UFB,01,,,,,,,,,,,,,,,,,,,,,,,,,,,,,,,,,,,,,
MODE,,,CRG,48 -,rawb,ry,,,,,,,,,,,,,,,,,,,,,,,,,,,,,,,,,,,,,,,,
EXPE,IME,,UFB,01 S,016,LM ST,BERR,ARIE,TRIA,,,,,,,,,,,,,,,,,,,,,,,,,,,,,,,,,,,,,
DATA,PAT,,,,,,,,,,,,,,,,,,,,,,,,,,,,,,,,,,,,,,,,,,,,,
TREA,MEN,2,Bri,ance,,,RGRO,,,,,,,,,,,,,,,,,,,,,,,,,,,,,,,,,,,,,,,
!,,,,,,,,,,,,,,,,,,,,,,,,,,,,,,,,,,,,Roo,ns.,cm3),soil,th (,,,,,,
!,,,,,,,,,,,,,,,,,,,,,,,,,,,,,,,,,,,,0-5,5-15,5-30,0-45,5-60,0-90,-120,-150,-180,,
@YEAR,DOY,DAS,DAP,L#SD,GSTD,LAID,LWAD,SWAD,GWAD,RWAD,VWAD,CWAD,G#AD,GWGD,HIAD,PWAD,P#AD,WSPD,WSGD,NSTD,PST1A,PST2A,KSTD,EWSD,LN%D,SH%D,HIPD,PWDD,PWTD,SLAD,CHTD,CWID,NWAD,RDPD,RLAD,RL1D,RL2D,RL3D,RL4D,RL5D,RL6D,RL7D,RL8D,RL9D,SNW0C,SNW1C
2016,282,9,0,4.6,0,0.065,49,74,0,52,123,123,0,0.0,0.000,0,0,0.000,0.000,0.000,0.000,0.000,0.000,0.000,4.40,0.00,0.00,0,0,132.2,0.01,0.02,0.0,0.13,5,0.52,0.26,0.00,0.00,0.00,0.00,0.00,0.00,0.00,0,1
2016,283,10,1,4.9,0,0.065,49,74,0,52,123,123,0,0.0,0.000,0,0,0.000,0.000,0.000,0.000,0.000,0.000,0.000,4.40,0.00,0.00,0,0,132.4,0.07,0.10,0.0,0.15,5,0.52,0.26,0.00,0.00,0.00,0.00,0.00,0.00,0.00,0,1
2016,284,11,2,5.3,0,0.065,49,79,0,56,128,128,0,0.0,0.000,0,0,0.000,0.000,0.000,0.000,0.000,0.000,0.000,4.39,0.00,0.00,0,0,132.8,0.07,0.11,0.0,0.18,6,0.54,0.29,0.00,0.00,0.00,0.00,0.00,0.00,0.00,1,2
2016,285,12,3,5.7,0,0.065,49,84,0,59,133,133,0,0.0,0.000,0,0,0.000,0.000,0.000,0.000,0.000,0.000,0.000,4.38,0.00,0.00,0,0,133.3,0.07,0.11,0.0,0.21,6,0.56,0.31,0.01,0.00,0.00,0.00,0.00,0.00,0.00,2,3
2016,286,13,4,6.0,0,0.064,48,90,0,64,138,138,0,0.0,0.000,0,0,0.000,0.000,0.000,0.000,0.000,0.000,0.000,4.37,0.00,0.00,0,0,133.7,0.08,0.12,0.0,0.23,6,0.57,0.33,0.02,0.00,0.00,0.00,0.00,0.00,0.00,2,4
2016,287,14,5,6.4,0,0.064,48,95,0,68,143,143,0,0.0,0.000,0,0,0.000,0.000,0.000,0.000,0.000,0.000,0.000,4.36,0.00,0.00,0,0,134.0,0.08,0.13,0.0,0.26,7,0.59,0.35,0.03,0.00,0.00,0.00,0.00,0.00,0.00,3,5
2016,288,15,6,6.8,0,0.064,48,102,0,74,149,149,0,0.0,0.000,0,0,0.000,0.000,0.000,0.000,0.000,0.000,0.000,4.35,0.00,0.00,0,0,134.4,0.09,0.13,0.0,0.28,7,0.61,0.37,0.04,0.00,0.00,0.00,0.00,0.00,0.00,4,6
2016,289,16,7,7.1,0,0.064,47,106,0,77,153,153,0,0.0,0.000,0,0,0.000,0.000,0.000,0.000,0.000,0.000,0.000,4.34,0.00,0.00,0,0,134.8,0.09,0.14,0.0,0.31,8,0.62,0.38,0.06,0.00,0.00,0.00,0.00,0.00,0.00,4,6
2016,290,17,8,7.5,0,0.064,47,111,0,81,158,158,0,0.0,0.000,0,0,0.000,0.000,0.000,0.000,0.000,0.000,0.000,4.33,0.00,0.00,0,0,135.3,0.10,0.15,0.0,0.33,8,0.63,0.40,0.07,0.00,0.00,0.00,0.00,0.00,0.00,5,8
2016,291,18,9,7.8,0,0.065,48,117,0,85,165,165,0,0.0,0.000,0,0,0.000,0.000,0.000,0.000,0.000,0.000,0.000,4.32,0.00,0.00,0,0,136.3,0.10,0.15,0.0,0.36,9,0.64,0.41,0.08,0.01,0.00,0.00,0.00,0.00,0.00,5,9
2016,292,19,10,8.2,0,0.071,51,121,0,88,171,171,0,0.0,0.000,0,0,0.000,0.000,0.000,0.000,0.000,0.000,0.000,4.31,0.00,0.00,0,0,139.9,0.10,0.16,0.0,0.38,9,0.65,0.42,0.09,0.01,0.00,0.00,0.00,0.00,0.00,6,10
2016,293,20,11,8.5,0,0.078,54,125,0,92,180,180,0,0.0,0.000,0,0,0.000,0.000,0.000,0.000,0.000,0.000,0.000,4.31,0.00,0.00,0,0,143.3,0.11,0.17,0.0,0.41,9,0.66,0.43,0.10,0.01,0.00,0.00,0.00,0.00,0.00,7,11
2016,294,21,12,8.9,0,0.086,59,130,0,96,189,189,0,0.0,0.000,0,0,0.000,0.000,0.000,0.000,0.000,0.000,0.000,4.31,0.00,0.00,0,0,146.3,0.11,0.17,0.0,0.43,10,0.67,0.45,0.11,0.02,0.00,0.00,0.00,0.00,0.00,7,12
2016,295,22,13,9.2,0,0.094,63,135,0,100,198,198,0,0.0,0.000,0,0,0.000,0.000,0.000,0.000,0.000,0.000,0.000,4.31,0.00,0.00,0,0,149.2,0.11,0.18,0.0,0.46,10,0.68,0.46,0.12,0.03,0.00,0.00,0.00,0.00,0.00,8,13
2016,296,23,14,9.5,0,0.102,69,142,0,107,211,211,0,0.0,0.000,0,0,0.000,0.000,0.000,0.000,0.000,0.000,0.000,4.31,0.00,0.00,0,0,148.9,0.12,0.18,0.0,0.48,11,0.69,0.48,0.13,0.04,0.00,0.00,0.00,0.00,0.00,9,15
2016,297,24,15,9.8,0,0.111,75,150,0,114,225,225,0,0.0,0.000,0,0,0.000,0.000,0.000,0.000,0.000,0.000,0.000,4.31,0.00,0.00,0,0,147.8,0.12,0.19,0.0,0.50,12,0.71,0.50,0.15,0.05,0.00,0.00,0.00,0.00,0.00,10,16
2016,298,25,16,10.1,0,0.121,82,158,0,121,240,240,0,0.0,0.000,0,0,0.000,0.000,0.000,0.000,0.000,0.000,0.000,4.30,0.00,0.00,0,0,148.3,0.12,0.19,0.0,0.52,12,0.73,0.52,0.16,0.06,0.01,0.00,0.00,0.00,0.00,11,17
2016,299,26,17,10.5,0,0.132,88,165,0,128,253,253,0,0.0,0.000,0,0,0.000,0.000,0.000,0.000,0.000,0.000,0.000,4.29,0.00,0.00,0,0,149.8,0.13,0.20,0.0,0.55,13,0.74,0.54,0.17,0.08,0.01,0.00,0.00,0.00,0.00,12,19
2016,300,27,18,10.8,0,0.145,95,173,0,136,268,268,0,0.0,0.000,0,0,0.000,0.000,0.000,0.000,0.000,0.000,0.000,4.29,0.00,0.00,0,0,152.3,0.13,0.20,0.0,0.57,14,0.76,0.56,0.19,0.09,0.02,0.00,0.00,0.00,0.00,14,20
2016,301,28,19,11.2,0,0.158,102,179,0,143,281,281,0,0.0,0.000,0,0,0.000,0.000,0.000,0.000,0.000,0.000,0.000,4.29,0.00,0.00,0,0,155.4,0.13,0.21,0.0,0.60,15,0.78,0.57,0.20,0.10,0.03,0.00,0.00,0.00,0.00,15,22
2016,302,29,20,11.6,0,0.172,108,186,0,150,294,294,0,0.0,0.000,0,0,0.000,0.000,0.000,0.000,0.000,0.000,0.000,4.29,0.00,0.00,0,0,158.4,0.14,0.22,0.0,0.63,15,0.79,0.59,0.22,0.11,0.04,0.00,0.00,0.00,0.00,16,24
2016,303,30,21,11.9,0,0.186,115,193,0,158,308,308,0,0.0,0.000,0,0,0.000,0.000,0.000,0.000,0.000,0.000,0.000,4.28,0.00,0.00,0,0,161.3,0.14,0.22,0.0,0.65,16,0.81,0.61,0.23,0.12,0.05,0.00,0.00,0.00,0.00,18,26
2016,304,31,22,12.3,0,0.202,123,200,0,168,323,323,0,0.0,0.000,0,0,0.000,0.000,0.000,0.000,0.000,0.000,0.000,4.28,0.00,0.00,0,0,163.6,0.14,0.23,0.0,0.68,17,0.83,0.63,0.25,0.13,0.06,0.00,0.00,0.00,0.00,19,28
2016,305,32,23,12.7,0,0.221,134,209,0,181,343,343,0,0.0,0.000,0,0,0.000,0.000,0.000,0.000,0.000,0.000,0.000,4.29,0.00,0.00,0,0,165.0,0.14,0.24,0.0,0.70,18,0.86,0.66,0.27,0.15,0.07,0.01,0.00,0.00,0.00,21,31
2016,306,33,24,13.0,1,0.238,143,218,0,193,361,361,0,0.0,0.000,0,0,0.000,0.000,0.000,0.000,0.000,0.000,0.000,4.28,0.00,0.00,0,0,165.8,0.15,0.24,0.0,0.73,20,0.88,0.69,0.29,0.17,0.09,0.01,0.00,0.00,0.00,23,33
2016,307,34,25,13.3,1,0.254,152,226,0,204,377,377,0,0.0,0.000,0,0,0.000,0.000,0.000,0.000,0.000,0.000,0.000,4.27,0.00,0.00,0,0,167.9,0.15,0.25,0.0,0.75,21,0.90,0.72,0.31,0.18,0.10,0.01,0.00,0.00,0.00,25,35
2016,308,35,26,13.7,1,0.274,161,235,0,216,396,396,0,0.0,0.000,0,0,0.000,0.000,0.000,0.000,0.000,0.000,0.000,4.27,0.00,0.00,0,0,169.9,0.15,0.25,0.0,0.78,22,0.93,0.75,0.33,0.20,0.11,0.02,0.00,0.00,0.00,27,38
2016,309,36,27,14.1,1,0.293,172,245,0,230,416,416,0,0.0,0.000,0,0,0.000,0.000,0.000,0.000,0.000,0.000,0.000,4.27,0.00,0.00,0,0,170.7,0.16,0.26,0.0,0.80,23,0.96,0.78,0.35,0.21,0.12,0.02,0.00,0.00,0.00,29,41
2016,310,37,28,14.4,1,0.317,184,256,0,246,441,441,0,0.0,0.000,0,0,0.000,0.000,0.000,0.000,0.000,0.000,0.000,4.27,0.00,0.00,0,0,172.0,0.16,0.27,0.0,0.83,25,0.99,0.81,0.37,0.23,0.14,0.03,0.00,0.00,0.00,32,44
2016,311,38,29,14.8,2,0.340,197,268,0,262,465,465,0,0.0,0.000,0,0,0.000,0.000,0.000,0.000,0.000,0.000,0.000,4.27,0.00,0.00,0,0,172.9,0.16,0.27,0.0,0.85,27,1.03,0.85,0.40,0.25,0.15,0.04,0.00,0.00,0.00,34,47
2016,312,39,30,15.1,2,0.361,207,279,0,276,486,486,0,0.0,0.000,0,0,0.000,0.000,0.000,0.000,0.000,0.000,0.000,4.26,0.00,0.00,0,0,174.1,0.16,0.28,0.0,0.88,28,1.05,0.88,0.42,0.27,0.16,0.05,0.00,0.00,0.00,37,51
2016,313,40,31,15.5,2,0.386,221,292,0,293,513,514,0,0.0,0.000,0,0,0.000,0.000,0.000,0.000,0.000,0.000,0.000,4.26,0.00,0.00,0,0,174.5,0.17,0.28,0.0,0.90,30,1.09,0.92,0.45,0.29,0.18,0.06,0.00,0.00,0.00,41,55
2016,314,41,32,15.8,2,0.410,234,304,0,309,537,539,0,0.0,0.000,1,0,0.000,0.000,0.000,0.000,0.000,0.000,0.000,4.25,0.00,0.00,0,1,175.2,0.17,0.29,0.0,0.93,32,1.12,0.95,0.47,0.30,0.19,0.07,0.00,0.00,0.00,44,58
2016,315,42,33,16.2,2,0.435,250,319,0,330,569,571,0,0.0,0.000,2,0,0.000,0.000,0.000,0.000,0.000,0.000,0.000,4.26,0.00,0.00,0,2,174.3,0.17,0.29,0.0,0.95,34,1.16,1.00,0.50,0.33,0.21,0.08,0.00,0.00,0.00,47,62
2016,316,43,34,16.5,5,0.460,266,335,0,351,601,605,3,0.0,0.000,4,0,0.000,0.000,0.000,0.000,0.000,0.000,0.000,4.25,0.00,0.01,0,4,173.1,0.17,0.30,0.0,0.98,36,1.21,1.04,0.53,0.35,0.23,0.09,0.00,0.00,0.00,51,66
2016,317,44,35,16.8,5,0.485,282,351,0,371,633,639,3,0.4,0.000,6,0,0.000,0.000,0.000,0.000,0.000,0.000,0.000,4.25,0.16,0.01,0,6,171.9,0.17,0.30,0.0,1.00,38,1.25,1.08,0.56,0.37,0.24,0.10,0.01,0.00,0.00,55,71
2016,318,45,36,17.1,5,0.508,298,365,0,391,663,672,48,0.0,0.000,9,0,0.000,0.000,0.000,0.000,0.000,0.000,0.000,4.25,0.21,0.01,0,9,170.9,0.18,0.31,0.0,1.02,40,1.29,1.13,0.59,0.39,0.26,0.11,0.01,0.00,0.00,59,75
2016,319,46,37,17.5,5,0.522,302,370,0,396,672,687,94,0.2,0.000,15,1,0.000,0.000,0.000,0.000,0.000,0.000,0.000,4.22,1.45,0.02,0,15,173.0,0.18,0.31,0.0,1.05,41,1.30,1.14,0.60,0.40,0.26,0.12,0.01,0.00,0.00,65,80
2016,320,47,38,17.8,5,0.539,311,380,1,407,691,714,150,0.4,0.001,23,2,0.000,0.000,0.000,0.000,0.000,0.000,0.000,4.24,2.36,0.03,0,23,173.1,0.18,0.32,0.0,1.07,42,1.32,1.16,0.61,0.41,0.27,0.12,0.01,0.00,0.00,70,85
2016,321,48,39,18.1,5,0.563,327,395,1,427,722,754,228,0.5,0.001,31,2,0.000,0.000,0.000,0.000,0.000,0.000,0.000,4.24,3.41,0.04,0,31,172.0,0.18,0.32,0.0,1.09,44,1.36,1.20,0.64,0.43,0.29,0.14,0.02,0.00,0.00,75,90
2016,322,49,40,18.4,5,0.588,345,413,2,449,757,798,317,0.6,0.002,41,2,0.000,0.000,0.000,0.000,0.000,0.000,0.000,4.24,4.37,0.05,0,41,170.4,0.18,0.33,0.0,1.11,46,1.40,1.25,0.67,0.46,0.31,0.15,0.02,0.00,0.00,79,95
2016,323,50,41,18.7,5,0.611,360,427,3,468,787,842,392,0.8,0.004,55,3,0.000,0.000,0.000,0.000,0.000,0.000,0.000,4.24,5.42,0.06,0,55,169.8,0.19,0.33,0.0,1.14,48,1.44,1.28,0.70,0.48,0.32,0.16,0.03,0.00,0.00,85,100
2016,324,51,42,18.9,5,0.634,374,442,4,485,816,886,411,1.1,0.005,70,3,0.000,0.000,0.000,0.000,0.000,0.000,0.000,4.23,6.33,0.08,0,70,169.4,0.19,0.34,0.0,1.16,50,1.47,1.32,0.72,0.49,0.34,0.17,0.03,0.00,0.00,90,106
2016,325,52,43,19.2,5,0.662,396,462,5,511,858,937,444,1.2,0.006,79,3,0.000,0.000,0.000,0.000,0.000,0.000,0.000,4.24,6.81,0.08,0,79,167.2,0.19,0.34,0.0,1.18,52,1.52,1.37,0.76,0.52,0.36,0.18,0.04,0.00,0.00,94,110
2016,326,53,44,19.3,5,0.688,417,483,4,537,900,938,476,0.8,0.004,38,3,0.000,0.000,0.000,0.000,0.000,0.000,0.000,4.25,10.27,0.04,0,38,165.2,0.19,0.34,0.0,1.19,55,1.57,1.43,0.79,0.55,0.38,0.19,0.05,0.00,0.00,98,114
2016,327,54,45,19.6,5,0.716,438,503,5,563,941,987,383,1.2,0.005,47,3,0.000,0.000,0.000,0.000,0.000,0.000,0.000,4.25,10.20,0.05,0,47,163.6,0.19,0.34,0.0,1.21,58,1.63,1.48,0.83,0.57,0.40,0.21,0.05,0.00,0.00,101,119
2016,328,55,46,19.8,5,0.738,451,517,6,579,968,1027,421,1.4,0.006,59,3,0.000,0.000,0.000,0.000,0.000,0.000,0.000,4.24,10.30,0.06,0,59,163.5,0.19,0.35,0.0,1.23,59,1.66,1.51,0.85,0.59,0.41,0.21,0.06,0.00,0.00,108,126
2016,329,56,47,20.1,5,0.762,464,530,4,594,994,996,458,0.9,0.004,2,3,0.000,0.000,0.000,0.000,0.000,0.000,0.000,4.23,99.99,0.00,0,2,164.1,0.19,0.35,0.0,1.26,61,1.69,1.54,0.87,0.61,0.42,0.22,0.06,0.00,0.00,115,133
2016,330,57,48,20.4,5,0.791,479,546,6,612,1025,1038,367,1.5,0.005,14,2,0.000,0.000,0.000,0.000,0.000,0.000,0.000,4.23,40.47,0.01,0,14,165.0,0.20,0.35,0.0,1.28,63,1.72,1.58,0.89,0.63,0.44,0.23,0.07,0.00,0.00,123,141
2016,331,58,49,20.7,5,0.816,492,560,7,628,1052,1077,429,1.6,0.006,25,3,0.000,0.000,0.000,0.000,0.000,0.000,0.000,4.22,28.14,0.02,0,25,165.7,0.20,0.36,0.0,1.31,65,1.75,1.61,0.92,0.64,0.45,0.24,0.08,0.00,0.00,132,149
2016,332,59,50,21.0,5,0.843,510,577,8,648,1086,1122,445,1.9,0.007,35,3,0.000,0.000,0.000,0.000,0.000,0.000,0.000,4.23,23.82,0.03,0,35,165.3,0.20,0.36,0.0,1.33,67,1.79,1.65,0.94,0.66,0.46,0.25,0.08,0.00,0.00,139,156
2016,333,60,51,21.3,5,0.864,521,589,3,661,1110,1110,462,0.7,0.003,0,3,0.000,0.000,0.000,0.000,0.000,0.000,0.000,4.22,0.00,0.00,0,0,165.8,0.20,0.37,0.0,1.35,68,1.81,1.68,0.96,0.68,0.47,0.26,0.09,0.01,0.00,146,164
2016,334,61,52,21.6,5,0.893,535,604,4,678,1140,1153,313,1.3,0.003,14,2,0.000,0.000,0.000,0.000,0.000,0.000,0.000,4.22,29.76,0.01,0,14,166.8,0.20,0.37,0.0,1.38,70,1.84,1.71,0.98,0.69,0.49,0.27,0.09,0.01,0.00,155,173
2016,335,62,53,21.9,5,0.913,542,612,5,685,1154,1184,389,1.4,0.005,29,3,0.000,0.000,0.000,0.000,0.000,0.000,0.000,4.21,18.18,0.02,0,29,168.4,0.21,0.38,0.0,1.40,71,1.86,1.72,0.99,0.70,0.49,0.27,0.10,0.01,0.00,165,182
2016,336,63,54,22.2,5,0.938,553,624,4,697,1177,1177,463,0.8,0.003,0,3,0.000,0.000,0.000,0.000,0.000,0.000,0.000,4.21,0.00,0.00,0,0,169.7,0.21,0.38,0.0,1.43,72,1.88,1.74,1.01,0.71,0.50,0.28,0.10,0.01,0.00,174,192
2016,337,64,55,22.5,5,0.967,571,642,5,718,1213,1230,471,1.0,0.004,17,3,0.000,0.000,0.000,0.000,0.000,0.000,0.000,4.21,28.71,0.01,0,17,169.5,0.21,0.39,0.0,1.45,74,1.91,1.78,1.04,0.73,0.52,0.29,0.11,0.02,0.00,184,201
2016,338,65,56,22.7,5,0.994,589,661,6,739,1250,1285,598,1.1,0.005,35,4,0.000,0.000,0.000,0.000,0.000,0.000,0.000,4.21,18.41,0.03,0,35,168.9,0.21,0.39,0.0,1.48,76,1.95,1.83,1.06,0.75,0.53,0.30,0.11,0.02,0.00,193,209
2016,339,66,57,23.0,5,1.021,602,676,9,754,1278,1338,711,1.2,0.007,60,5,0.000,0.000,0.000,0.000,0.000,0.000,0.000,4.21,14.88,0.04,0,60,169.4,0.21,0.39,0.0,1.50,78,1.98,1.86,1.08,0.77,0.55,0.31,0.12,0.02,0.00,204,219
2016,340,67,58,23.3,5,1.038,609,684,7,761,1293,1300,785,0.9,0.005,7,5,0.000,0.000,0.000,0.000,0.000,0.000,0.000,4.20,93.38,0.01,0,7,170.4,0.22,0.40,0.0,1.53,79,1.99,1.87,1.09,0.78,0.55,0.31,0.12,0.02,0.00,215,229
2016,341,68,59,23.6,5,1.041,607,684,10,758,1292,1321,728,1.3,0.007,29,5,0.000,0.000,0.000,0.000,0.000,0.000,0.000,4.18,32.81,0.02,0,29,171.4,0.22,0.41,0.0,1.55,78,1.98,1.86,1.09,0.77,0.55,0.31,0.12,0.03,0.00,225,239
2016,342,69,60,23.8,5,1.067,621,699,12,773,1321,1378,812,1.5,0.009,58,5,0.000,0.000,0.000,0.000,0.000,0.000,0.000,4.21,21.65,0.04,0,58,171.7,0.22,0.41,0.0,1.58,80,2.01,1.89,1.11,0.79,0.56,0.32,0.13,0.03,0.00,236,249
2016,343,70,61,24.0,5,1.081,630,709,9,782,1338,1338,957,0.9,0.006,0,7,0.000,0.000,0.000,0.000,0.000,0.000,0.000,4.20,0.00,0.00,0,0,171.7,0.22,0.41,0.0,1.60,81,2.02,1.90,1.12,0.80,0.57,0.32,0.13,0.03,0.00,246,258
2016,344,71,62,24.2,5,1.095,641,721,11,794,1361,1381,873,1.2,0.008,20,6,0.000,0.000,0.000,0.000,0.000,0.000,0.000,4.20,54.01,0.01,0,20,170.9,0.22,0.41,0.0,1.62,82,2.04,1.93,1.13,0.81,0.58,0.33,0.13,0.03,0.00,255,266
2016,345,72,63,24.4,5,1.124,661,741,13,816,1403,1444,987,1.3,0.009,42,7,0.000,0.000,0.000,0.000,0.000,0.000,0.000,4.21,31.09,0.03,0,42,170.0,0.22,0.42,0.0,1.64,84,2.09,1.97,1.16,0.83,0.59,0.34,0.14,0.04,0.00,263,274
2016,346,73,64,24.6,5,1.138,668,751,17,824,1419,1492,1086,1.5,0.011,73,7,0.000,0.000,0.000,0.000,0.000,0.000,0.000,4.20,22.75,0.05,0,73,170.2,0.22,0.42,0.0,1.66,85,2.10,1.98,1.17,0.84,0.60,0.34,0.14,0.04,0.00,273,284
2016,347,74,65,24.9,5,1.153,674,758,8,830,1432,1432,1192,0.6,0.005,0,8,0.000,0.000,0.000,0.000,0.000,0.000,0.000,4.20,0.00,0.00,0,0,171.0,0.23,0.42,0.0,1.69,86,2.11,1.99,1.18,0.84,0.60,0.35,0.14,0.04,0.00,284,295
2016,348,75,66,25.1,5,1.173,684,770,11,840,1454,1489,915,1.2,0.007,35,6,0.000,0.000,0.000,0.000,0.000,0.000,0.000,4.20,30.08,0.02,0,35,171.5,0.23,0.43,0.0,1.71,87,2.12,2.01,1.19,0.85,0.61,0.35,0.15,0.04,0.01,296,306
2016,349,76,67,25.4,5,1.188,691,778,14,847,1469,1547,1171,1.2,0.009,78,8,0.000,0.000,0.000,0.000,0.000,0.000,0.000,4.19,18.54,0.05,0,78,172.0,0.23,0.43,0.0,1.74,88,2.13,2.02,1.20,0.86,0.62,0.36,0.15,0.05,0.01,310,317
2016,350,77,68,25.6,5,1.202,700,789,10,856,1489,1489,1387,0.7,0.007,0,11,0.000,0.000,0.000,0.000,0.000,0.000,0.000,4.19,0.00,0.00,0,0,171.8,0.23,0.43,0.0,1.76,89,2.15,2.04,1.21,0.87,0.62,0.36,0.15,0.05,0.01,323,328
2016,351,78,69,25.8,5,1.221,714,804,14,871,1518,1556,1240,1.1,0.009,37,8,0.000,0.000,0.000,0.000,0.000,0.000,0.000,4.20,36.86,0.02,0,37,171.0,0.23,0.44,0.0,1.78,90,2.17,2.07,1.23,0.88,0.63,0.37,0.16,0.05,0.01,334,337
2016,352,79,70,26.0,5,1.233,721,813,19,877,1534,1618,1370,1.4,0.011,85,9,0.000,0.000,0.000,0.000,0.000,0.000,0.000,4.19,21.96,0.05,0,85,171.1,0.23,0.44,0.0,1.80,91,2.18,2.08,1.24,0.89,0.64,0.37,0.16,0.05,0.01,347,348
2016,353,80,71,26.2,5,1.235,720,815,24,875,1535,1666,1456,1.6,0.014,131,10,0.000,0.000,0.000,0.000,0.000,0.000,0.000,4.18,18.33,0.08,0,131,171.6,0.23,0.44,0.0,1.80,91,2.18,2.07,1.24,0.89,0.64,0.37,0.16,0.05,0.01,359,360
2016,354,81,72,26.4,5,1.244,724,821,15,877,1545,1545,1637,0.9,0.009,0,11,0.000,0.000,0.000,0.000,0.000,0.000,0.000,4.18,0.00,0.00,0,0,171.9,0.23,0.45,0.0,1.80,91,2.18,2.07,1.24,0.89,0.64,0.37,0.16,0.05,0.01,373,372
2016,355,82,73,26.6,5,1.244,721,821,20,872,1541,1582,1394,1.4,0.012,41,9,0.000,0.000,0.000,0.000,0.000,0.000,0.000,4.16,48.00,0.03,0,41,172.6,0.23,0.45,0.0,1.80,91,2.16,2.06,1.23,0.89,0.64,0.37,0.16,0.06,0.01,388,385
2016,356,83,74,26.7,5,1.241,718,821,25,868,1539,1618,1705,1.5,0.015,79,11,0.000,0.000,0.000,0.000,0.000,0.000,0.000,4.16,31.49,0.05,0,79,172.9,0.23,0.45,0.0,1.80,91,2.15,2.05,1.23,0.88,0.63,0.37,0.16,0.06,0.01,403,395
2016,357,84,75,26.9,5,1.256,729,833,12,878,1561,1561,1955,0.6,0.008,0,13,0.000,0.000,0.000,0.000,0.000,0.000,0.000,4.18,0.00,0.00,0,0,172.3,0.24,0.45,0.0,1.80,92,2.17,2.07,1.24,0.89,0.64,0.38,0.17,0.06,0.01,415,406
2016,358,85,76,27.0,5,1.266,736,842,17,886,1579,1637,1539,1.1,0.011,58,11,0.000,0.000,0.000,0.000,0.000,0.000,0.000,4.17,29.76,0.04,0,58,172.0,0.24,0.46,0.0,1.80,92,2.18,2.08,1.25,0.90,0.65,0.38,0.17,0.06,0.02,428,416
2016,359,86,77,27.2,5,1.273,740,849,23,889,1589,1708,1866,1.2,0.014,119,12,0.000,0.000,0.000,0.000,0.000,0.000,0.000,4.17,19.43,0.07,0,119,171.9,0.24,0.46,0.0,1.80,93,2.18,2.09,1.25,0.90,0.65,0.38,0.17,0.06,0.02,442,427
2016,360,87,78,27.4,5,1.275,740,851,31,887,1592,1782,1866,1.6,0.017,191,14,0.000,0.000,0.000,0.000,0.000,0.000,0.000,4.16,16.03,0.11,0,191,172.1,0.24,0.46,0.0,1.80,93,2.18,2.08,1.25,0.90,0.65,0.38,0.17,0.06,0.02,453,439
2016,361,88,79,27.5,5,1.278,741,855,20,887,1596,1596,2080,0.9,0.012,0,14,0.000,0.000,0.000,0.000,0.000,0.000,0.000,4.16,0.00,0.00,0,0,172.4,0.24,0.46,0.0,1.80,93,2.17,2.08,1.25,0.90,0.65,0.38,0.17,0.06,0.02,469,451
2016,362,89,80,27.7,5,1.282,743,859,26,887,1602,1664,1738,1.5,0.015,62,12,0.000,0.000,0.000,0.000,0.000,0.000,0.000,4.15,41.31,0.04,0,62,172.6,0.24,0.47,0.0,1.80,93,2.17,2.08,1.25,0.90,0.65,0.38,0.17,0.06,0.02,485,463
2016,363,90,81,27.8,5,1.288,746,864,32,889,1610,1732,2065,1.6,0.019,122,14,0.000,0.000,0.000,0.000,0.000,0.000,0.000,4.15,26.60,0.07,0,122,172.7,0.24,0.47,0.0,1.80,93,2.17,2.08,1.25,0.90,0.65,0.39,0.17,0.06,0.02,504,474
2016,364,91,82,27.9,5,1.294,750,871,17,892,1621,1621,2351,0.7,0.010,0,16,0.000,0.000,0.000,0.000,0.000,0.000,0.000,4.15,0.00,0.00,0,0,172.5,0.24,0.47,0.0,1.80,93,2.17,2.08,1.26,0.91,0.65,0.39,0.18,0.07,0.02,521,486
2016,365,92,83,28.0,5,1.318,773,894,19,916,1667,1685,1749,1.1,0.011,18,12,0.000,0.000,0.000,0.000,0.000,0.000,0.000,4.18,99.99,0.01,0,18,170.4,0.24,0.47,0.0,1.80,96,2.22,2.13,1.28,0.93,0.67,0.40,0.18,0.07,0.02,528,492
2016,366,93,84,28.1,5,1.342,794,915,22,937,1708,1760,1749,1.3,0.013,52,12,0.000,0.000,0.000,0.000,0.000,0.000,0.000,4.18,43.08,0.03,0,52,169.0,0.24,0.47,0.0,1.80,98,2.26,2.17,1.31,0.95,0.68,0.41,0.19,0.07,0.02,534,499
2017,001,94,85,28.3,5,1.348,799,922,28,941,1721,1831,1898,1.5,0.016,109,13,0.000,0.000,0.000,0.000,0.000,0.000,0.000,4.18,26.05,0.06,0,109,168.7,0.24,0.47,0.0,1.80,98,2.26,2.18,1.32,0.95,0.69,0.41,0.19,0.07,0.03,549,510
2017,002,95,86,28.4,5,1.353,801,927,19,942,1728,1728,2039,0.9,0.011,0,14,0.000,0.000,0.000,0.000,0.000,0.000,0.000,4.17,0.00,0.00,0,0,168.9,0.24,0.47,0.0,1.80,98,2.26,2.18,1.32,0.95,0.69,0.41,0.19,0.07,0.03,565,522
2017,003,96,87,28.6,5,1.352,799,928,25,938,1727,1792,1706,1.5,0.014,65,11,0.000,0.000,0.000,0.000,0.000,0.000,0.000,4.16,38.06,0.04,0,65,169.2,0.24,0.48,0.0,1.80,98,2.25,2.17,1.31,0.95,0.69,0.41,0.19,0.07,0.03,583,535
2017,004,97,88,28.7,5,1.360,805,936,31,943,1741,1863,1983,1.6,0.017,122,13,0.000,0.000,0.000,0.000,0.000,0.000,0.000,4.17,25.28,0.07,0,122,168.9,0.24,0.48,0.0,1.80,99,2.26,2.17,1.32,0.95,0.69,0.41,0.19,0.08,0.03,600,546
2017,005,98,89,28.9,5,1.365,810,943,16,947,1753,1753,2554,0.6,0.009,0,17,0.000,0.000,0.000,0.000,0.000,0.000,0.000,4.17,0.00,0.00,0,0,168.5,0.24,0.48,0.0,1.80,99,2.26,2.18,1.32,0.96,0.69,0.41,0.19,0.08,0.03,623,557
2017,006,99,90,29.0,5,1.379,822,957,21,958,1779,1835,1829,1.2,0.012,57,12,0.000,0.000,0.000,0.000,0.000,0.000,0.000,4.18,37.81,0.03,0,57,167.8,0.24,0.48,0.0,1.80,100,2.28,2.20,1.34,0.97,0.70,0.42,0.20,0.08,0.03,633,568
2017,007,100,91,29.1,5,1.373,818,955,25,951,1773,1857,2136,1.2,0.013,84,14,0.000,0.000,0.000,0.000,0.000,0.000,0.000,4.17,29.64,0.05,0,84,167.9,0.24,0.48,0.0,1.80,100,2.27,2.18,1.33,0.96,0.70,0.42,0.19,0.08,0.03,643,575
2017,008,101,92,29.1,5,1.397,843,979,26,977,1822,1917,2136,1.2,0.014,95,14,0.000,0.000,0.000,0.000,0.000,0.000,0.000,4.21,27.53,0.05,0,95,165.7,0.24,0.48,0.0,1.80,102,2.31,2.23,1.36,0.98,0.71,0.43,0.20,0.08,0.03,645,579
2017,009,102,93,29.2,5,1.421,866,1003,17,1001,1869,1869,2380,0.7,0.009,0,16,0.000,0.000,0.000,0.000,0.000,0.000,0.000,4.21,0.00,0.00,0,0,164.1,0.24,0.49,0.0,1.80,104,2.36,2.28,1.39,1.01,0.73,0.44,0.21,0.09,0.03,655,585
2017,010,103,94,29.3,5,1.437,880,1018,21,1014,1898,1946,1926,1.1,0.011,48,13,0.000,0.000,0.000,0.000,0.000,0.000,0.000,4.20,44.10,0.02,0,48,163.4,0.24,0.49,0.0,1.80,106,2.39,2.30,1.41,1.02,0.74,0.44,0.21,0.09,0.03,664,595
2017,011,104,95,29.5,5,1.444,885,1026,28,1018,1911,2025,2211,1.2,0.014,114,15,0.000,0.000,0.000,0.000,0.000,0.000,0.000,4.20,24.15,0.06,0,114,163.1,0.24,0.49,0.0,1.80,106,2.39,2.31,1.41,1.02,0.74,0.45,0.21,0.09,0.04,681,607
2017,012,105,96,29.6,5,1.447,889,1032,22,1021,1922,1922,2601,0.9,0.012,0,17,0.000,0.000,0.000,0.000,0.000,0.000,0.000,4.20,0.00,0.00,0,0,162.8,0.24,0.49,0.0,1.80,107,2.39,2.32,1.41,1.03,0.74,0.45,0.21,0.09,0.04,702,619
2017,013,106,97,29.8,5,1.435,881,1027,31,1010,1908,1985,2543,1.2,0.016,77,17,0.000,0.000,0.000,0.000,0.000,0.000,0.000,4.19,39.94,0.04,0,77,163.0,0.24,0.49,0.0,1.80,106,2.37,2.29,1.40,1.02,0.74,0.45,0.21,0.09,0.04,726,633
2017,014,107,98,30.0,5,1.425,873,1023,41,1001,1897,2054,3063,1.3,0.020,157,20,0.000,0.000,0.000,0.000,0.000,0.000,0.000,4.18,26.11,0.08,0,157,163.2,0.24,0.49,0.0,1.80,105,2.35,2.27,1.39,1.01,0.73,0.44,0.21,0.09,0.04,750,646
2017,015,108,99,30.1,5,1.413,865,1019,53,991,1884,2130,3221,1.6,0.025,246,23,0.000,0.000,0.000,0.000,0.000,0.000,0.000,4.18,21.56,0.12,0,246,163.3,0.25,0.50,0.0,1.80,104,2.33,2.25,1.38,1.00,0.72,0.44,0.21,0.09,0.04,765,659
2017,016,109,100,30.2,5,1.402,858,1014,28,981,1872,1872,3909,0.7,0.015,0,26,0.000,0.000,0.000,0.000,0.000,0.000,0.000,4.17,0.00,0.00,0,0,163.5,0.25,0.50,0.0,1.80,103,2.31,2.23,1.36,0.99,0.72,0.43,0.21,0.09,0.04,781,672
2017,017,110,101,30.3,5,1.391,851,1010,38,971,1861,1960,3122,1.2,0.019,100,21,0.000,0.000,0.000,0.000,0.000,0.000,0.000,4.17,38.22,0.05,0,100,163.6,0.25,0.50,0.0,1.80,102,2.28,2.21,1.35,0.98,0.71,0.43,0.21,0.09,0.04,801,684
2017,018,111,102,30.4,5,1.381,844,1006,49,962,1850,2057,3486,1.4,0.024,207,23,0.000,0.000,0.000,0.000,0.000,0.000,0.000,4.17,23.88,0.10,0,207,163.6,0.25,0.50,0.0,1.80,101,2.26,2.19,1.34,0.97,0.71,0.43,0.20,0.09,0.04,818,696
2017,019,112,103,30.4,5,1.379,844,1009,34,960,1852,1852,3486,1.0,0.018,0,23,0.000,0.000,0.000,0.000,0.000,0.000,0.000,4.17,0.00,0.00,0,0,163.4,0.25,0.50,0.0,1.80,101,2.26,2.18,1.34,0.97,0.70,0.43,0.20,0.09,0.04,829,707
2017,020,113,104,30.5,5,1.366,835,1004,43,950,1839,1943,3019,1.4,0.022,105,20,0.000,0.000,0.000,0.000,0.000,0.000,0.000,4.17,41.39,0.05,0,105,163.5,0.25,0.50,0.0,1.80,100,2.23,2.16,1.32,0.96,0.70,0.42,0.20,0.09,0.04,845,719
2017,021,114,105,30.6,5,1.356,829,1000,55,941,1829,2043,3476,1.6,0.027,214,23,0.000,0.000,0.000,0.000,0.000,0.000,0.000,4.16,25.75,0.10,0,214,163.6,0.25,0.50,0.0,1.80,99,2.21,2.14,1.31,0.95,0.69,0.42,0.20,0.09,0.04,863,731
2017,022,115,106,30.6,5,1.340,818,993,70,928,1811,2086,3893,1.8,0.033,275,26,0.000,0.000,0.000,0.000,0.000,0.000,0.000,4.15,25.33,0.13,0,275,163.8,0.25,0.50,0.0,1.80,98,2.18,2.12,1.29,0.94,0.68,0.41,0.20,0.09,0.04,878,744
2017,023,116,107,30.7,5,1.327,809,987,27,917,1797,1797,4392,0.6,0.015,0,34,0.000,0.000,0.000,0.000,0.000,0.000,0.000,4.15,0.00,0.00,0,0,163.9,0.25,0.51,0.0,1.80,97,2.16,2.09,1.28,0.93,0.67,0.41,0.20,0.08,0.03,896,756
2017,024,117,108,30.7,5,1.332,816,996,35,922,1811,1908,3164,1.1,0.018,97,26,0.000,0.000,0.000,0.000,0.000,0.000,0.000,4.17,35.87,0.05,0,97,163.3,0.25,0.51,0.0,1.80,97,2.17,2.10,1.28,0.93,0.68,0.41,0.20,0.09,0.04,911,766
2017,025,118,109,30.8,5,1.332,818,1000,44,922,1818,2016,3735,1.2,0.022,198,25,0.000,0.000,0.000,0.000,0.000,0.000,0.000,4.17,22.29,0.10,0,198,162.9,0.25,0.51,0.0,1.80,97,2.16,2.10,1.28,0.93,0.68,0.41,0.20,0.09,0.04,926,776
2017,026,119,110,30.8,5,1.316,807,993,36,909,1801,1801,4262,0.8,0.020,0,28,0.000,0.000,0.000,0.000,0.000,0.000,0.000,4.16,0.00,0.00,0,0,163.0,0.25,0.51,0.0,1.80,96,2.14,2.07,1.27,0.92,0.67,0.41,0.19,0.08,0.04,941,789
2017,027,120,111,30.9,5,1.305,800,989,48,900,1788,1886,4064,1.2,0.025,98,27,0.000,0.000,0.000,0.000,0.000,0.000,0.000,4.16,48.68,0.05,0,98,163.1,0.25,0.51,0.0,1.80,95,2.12,2.05,1.25,0.91,0.66,0.40,0.19,0.08,0.04,953,799
2017,028,121,112,30.9,5,1.309,805,995,54,904,1801,1957,4356,1.2,0.028,157,29,0.000,0.000,0.000,0.000,0.000,0.000,0.000,4.17,34.53,0.08,0,157,162.5,0.25,0.51,0.0,1.80,95,2.12,2.05,1.26,0.91,0.66,0.40,0.19,0.08,0.04,959,806
2017,029,122,113,30.9,5,1.306,804,995,60,900,1799,2004,4356,1.4,0.030,205,29,0.000,0.000,0.000,0.000,0.000,0.000,0.000,4.17,29.03,0.10,0,205,162.4,0.25,0.51,0.0,1.80,95,2.11,2.05,1.25,0.91,0.66,0.40,0.19,0.08,0.04,964,812
2017,030,123,114,31.0,5,1.325,826,1018,32,921,1844,1844,4924,0.7,0.017,0,33,0.000,0.000,0.000,0.000,0.000,0.000,0.000,4.20,0.00,0.00,0,0,160.4,0.25,0.51,0.0,1.80,97,2.15,2.08,1.28,0.93,0.68,0.41,0.20,0.09,0.04,974,819
2017,031,124,115,31.0,5,1.340,842,1035,39,935,1876,1948,4264,0.9,0.020,72,28,0.000,0.000,0.000,0.000,0.000,0.000,0.000,4.21,54.33,0.04,0,72,159.2,0.25,0.51,0.0,1.80,98,2.17,2.11,1.30,0.94,0.69,0.42,0.20,0.09,0.04,987,826
2017,032,125,116,31.1,5,1.350,853,1047,49,944,1900,2065,4264,1.1,0.024,165,28,0.000,0.000,0.000,0.000,0.000,0.000,0.000,4.22,29.49,0.08,0,165,158.3,0.25,0.51,0.0,1.80,99,2.19,2.13,1.31,0.95,0.69,0.42,0.20,0.09,0.04,994,835
2017,033,126,117,31.2,5,1.338,845,1043,37,934,1888,1888,4825,0.8,0.020,0,32,0.000,0.000,0.000,0.000,0.000,0.000,0.000,4.21,0.00,0.00,0,0,158.4,0.25,0.51,0.0,1.80,98,2.17,2.11,1.29,0.94,0.69,0.42,0.20,0.09,0.04,1014,846
2017,034,127,118,31.2,5,1.327,838,1038,50,925,1875,2007,4153,1.2,0.025,131,28,0.000,0.000,0.000,0.000,0.000,0.000,0.000,4.21,38.28,0.07,0,131,158.4,0.25,0.51,0.0,1.80,97,2.15,2.09,1.28,0.93,0.68,0.41,0.20,0.09,0.04,1032,857
2017,035,128,119,31.3,5,1.315,830,1033,65,915,1862,2113,4923,1.3,0.031,251,33,0.000,0.000,0.000,0.000,0.000,0.000,0.000,4.21,26.09,0.12,0,251,158.5,0.25,0.51,0.0,1.80,96,2.13,2.06,1.27,0.92,0.67,0.41,0.20,0.09,0.04,1060,868
2017,036,129,120,31.4,5,1.303,821,1028,83,905,1849,2218,5555,1.5,0.038,369,37,0.000,0.000,0.000,0.000,0.000,0.000,0.000,4.21,22.64,0.17,0,369,158.6,0.25,0.51,0.0,1.80,95,2.10,2.04,1.25,0.91,0.66,0.40,0.20,0.09,0.04,1078,880
2017,037,130,121,31.4,5,1.292,815,1024,46,896,1839,1839,6020,0.8,0.025,0,40,0.000,0.000,0.000,0.000,0.000,0.000,0.000,4.21,0.00,0.00,0,0,158.6,0.25,0.51,0.0,1.80,94,2.08,2.02,1.24,0.90,0.66,0.40,0.20,0.09,0.04,1092,890
2017,038,131,122,31.5,5,1.280,806,1018,62,886,1824,1944,4403,1.4,0.032,120,29,0.000,0.000,0.000,0.000,0.000,0.000,0.000,4.21,51.53,0.06,0,120,158.7,0.25,0.51,0.0,1.80,93,2.06,2.00,1.23,0.89,0.65,0.40,0.19,0.09,0.04,1106,902
2017,039,132,123,31.5,5,1.266,797,1013,79,875,1810,2044,4495,1.8,0.039,235,30,0.000,0.000,0.000,0.000,0.000,0.000,0.000,4.20,33.60,0.11,0,235,158.9,0.25,0.51,0.0,1.80,92,2.04,1.98,1.22,0.88,0.64,0.39,0.19,0.09,0.04,1119,914
2017,040,133,124,31.5,5,1.255,789,1008,41,866,1798,1798,4969,0.8,0.023,0,39,0.000,0.000,0.000,0.000,0.000,0.000,0.000,4.21,0.00,0.00,0,0,158.9,0.25,0.52,0.0,1.80,91,2.01,1.96,1.20,0.87,0.64,0.39,0.19,0.08,0.04,1143,925
2017,041,134,125,31.6,5,1.264,800,1021,49,874,1820,1914,3703,1.3,0.026,94,25,0.000,0.000,0.000,0.000,0.000,0.000,0.000,4.22,52.64,0.05,0,94,158.0,0.25,0.52,0.0,1.80,92,2.03,1.97,1.21,0.88,0.64,0.39,0.19,0.09,0.04,1160,934
2017,042,135,126,31.6,5,1.265,803,1027,61,876,1830,2037,4356,1.4,0.030,207,29,0.000,0.000,0.000,0.000,0.000,0.000,0.000,4.23,29.29,0.10,0,207,157.4,0.25,0.52,0.0,1.80,92,2.03,1.97,1.21,0.88,0.64,0.39,0.19,0.09,0.04,1174,943
2017,043,136,127,31.6,5,1.258,800,1026,75,871,1826,2164,4985,1.5,0.035,338,33,0.000,0.000,0.000,0.000,0.000,0.000,0.000,4.23,22.20,0.16,0,338,157.3,0.25,0.52,0.0,1.80,92,2.01,1.96,1.21,0.88,0.64,0.39,0.19,0.09,0.04,1189,954
2017,044,137,128,31.7,5,1.246,792,1021,38,861,1813,1813,5532,0.7,0.021,0,37,0.000,0.000,0.000,0.000,0.000,0.000,0.000,4.22,0.00,0.00,0,0,157.4,0.25,0.52,0.0,1.80,91,1.99,1.94,1.19,0.87,0.63,0.39,0.19,0.09,0.04,1204,965
2017,045,138,129,31.7,5,1.233,783,1015,53,851,1798,1909,4290,1.2,0.028,110,29,0.000,0.000,0.000,0.000,0.000,0.000,0.000,4.22,47.68,0.06,0,110,157.5,0.25,0.52,0.0,1.80,90,1.97,1.92,1.18,0.86,0.63,0.38,0.19,0.08,0.04,1219,976
2017,046,139,130,31.8,5,1.219,774,1010,71,840,1783,2001,4938,1.4,0.035,218,33,0.000,0.000,0.000,0.000,0.000,0.000,0.000,4.21,32.46,0.11,0,218,157.6,0.25,0.52,0.0,1.80,89,1.95,1.89,1.17,0.85,0.62,0.38,0.18,0.08,0.04,1233,988
2017,047,140,131,31.8,5,1.228,785,1023,41,849,1808,1808,5633,0.7,0.023,0,38,0.000,0.000,0.000,0.000,0.000,0.000,0.000,4.21,0.00,0.00,0,0,156.5,0.25,0.52,0.0,1.80,90,1.96,1.91,1.18,0.86,0.62,0.38,0.19,0.09,0.04,1245,995
2017,048,141,132,31.8,5,1.233,792,1032,50,855,1825,1927,4871,1.0,0.026,102,32,0.000,0.000,0.000,0.000,0.000,0.000,0.000,4.21,49.06,0.05,0,102,155.6,0.25,0.52,0.0,1.80,90,1.97,1.92,1.18,0.86,0.63,0.38,0.19,0.09,0.04,1257,1003
2017,049,142,133,31.9,5,1.222,785,1028,65,846,1813,2001,5541,1.2,0.033,188,37,0.000,0.000,0.000,0.000,0.000,0.000,0.000,4.20,34.57,0.09,0,188,155.7,0.25,0.52,0.0,1.80,89,1.95,1.90,1.17,0.85,0.62,0.38,0.19,0.09,0.04,1268,1012
2017,050,143,134,31.9,5,1.209,776,1022,85,836,1799,2112,6109,1.4,0.040,314,41,0.000,0.000,0.000,0.000,0.000,0.000,0.000,4.18,27.21,0.15,0,314,155.8,0.25,0.52,0.0,1.80,88,1.93,1.88,1.16,0.84,0.62,0.38,0.19,0.08,0.04,1281,1023
2017,051,144,135,32.0,5,1.198,769,1018,49,827,1787,1787,6609,0.7,0.028,0,44,0.000,0.000,0.000,0.000,0.000,0.000,0.000,4.17,0.00,0.00,0,0,155.8,0.25,0.52,0.0,1.80,87,1.91,1.86,1.15,0.84,0.61,0.37,0.18,0.08,0.04,1292,1033
2017,052,145,136,32.0,5,1.185,760,1012,68,817,1772,1867,5278,1.3,0.036,95,35,0.000,0.000,0.000,0.000,0.000,0.000,0.000,4.16,71.30,0.05,0,95,155.9,0.25,0.52,0.0,1.80,86,1.89,1.84,1.13,0.83,0.60,0.37,0.18,0.08,0.04,1305,1044
2017,053,146,137,32.0,5,1.171,750,1007,83,807,1757,1911,5699,1.5,0.044,154,42,0.000,0.000,0.000,0.000,0.000,0.000,0.000,4.14,54.28,0.08,0,154,156.1,0.25,0.52,0.0,1.80,85,1.87,1.82,1.12,0.82,0.60,0.36,0.18,0.08,0.04,1317,1054
2017,054,147,138,32.1,5,1.160,743,1002,42,798,1745,1745,5699,0.7,0.024,0,38,0.000,0.000,0.000,0.000,0.000,0.000,0.000,4.13,0.00,0.00,0,0,156.2,0.25,0.52,0.0,1.80,85,1.85,1.80,1.11,0.81,0.59,0.36,0.18,0.08,0.04,1327,1064
2017,055,148,139,32.1,5,1.148,735,997,55,788,1732,1859,3944,1.4,0.029,127,31,0.000,0.000,0.000,0.000,0.000,0.000,0.000,4.12,43.26,0.07,0,127,156.3,0.25,0.52,0.0,1.80,84,1.83,1.78,1.10,0.80,0.58,0.36,0.18,0.08,0.04,1338,1075
2017,056,149,140,32.1,5,1.136,727,993,71,779,1719,1964,5184,1.4,0.036,245,35,0.000,0.000,0.000,0.000,0.000,0.000,0.000,4.10,29.06,0.12,0,245,156.3,0.25,0.52,0.0,1.80,83,1.81,1.76,1.08,0.79,0.58,0.35,0.17,0.08,0.04,1363,1086
2017,057,150,141,32.1,5,1.134,727,996,90,777,1723,2096,5184,1.7,0.043,373,38,0.000,0.000,0.000,0.000,0.000,0.000,0.000,4.09,24.10,0.18,0,373,155.9,0.25,0.52,0.0,1.80,83,1.80,1.76,1.08,0.79,0.58,0.35,0.17,0.08,0.04,1372,1095
2017,058,151,142,32.1,5,1.127,724,996,21,773,1720,1720,5640,0.4,0.012,0,38,0.000,0.000,0.000,0.000,0.000,0.000,0.000,4.08,0.00,0.00,0,0,155.8,0.25,0.52,0.0,1.80,82,1.79,1.75,1.08,0.78,0.57,0.35,0.17,0.08,0.04,1389,1105
2017,059,152,143,32.1,5,1.122,721,996,30,768,1717,1817,2891,1.1,0.017,100,19,0.000,0.000,0.000,0.000,0.000,0.000,0.000,4.06,30.37,0.06,0,100,155.7,0.25,0.52,0.0,1.80,82,1.78,1.73,1.07,0.78,0.57,0.35,0.17,0.08,0.04,1403,1115
2017,060,153,144,32.1,5,1.123,722,1001,41,768,1723,1924,3303,1.2,0.021,200,22,0.000,0.000,0.000,0.000,0.000,0.000,0.000,4.05,20.62,0.10,0,200,155.4,0.25,0.52,0.0,1.80,82,1.78,1.73,1.07,0.78,0.57,0.35,0.17,0.08,0.04,1420,1125
2017,061,154,145,32.1,5,1.116,718,1000,33,762,1718,1736,3737,0.9,0.019,18,25,0.000,0.000,0.000,0.000,0.000,0.000,0.000,4.04,99.99,0.01,0,18,155.4,0.25,0.52,0.0,1.80,81,1.76,1.72,1.06,0.77,0.57,0.35,0.17,0.08,0.04,1440,1135
2017,062,155,146,32.1,5,1.112,717,1002,43,759,1719,1863,3380,1.3,0.023,144,23,0.000,0.000,0.000,0.000,0.000,0.000,0.000,4.03,30.09,0.08,0,144,155.0,0.25,0.53,0.0,1.80,81,1.76,1.71,1.06,0.77,0.56,0.34,0.17,0.08,0.04,1461,1145
2017,063,156,147,32.1,5,1.119,727,1015,53,767,1742,1982,4011,1.3,0.027,240,27,0.000,0.000,0.000,0.000,0.000,0.000,0.000,4.02,22.11,0.12,0,240,153.9,0.25,0.53,0.0,1.80,82,1.77,1.73,1.07,0.78,0.57,0.35,0.17,0.08,0.04,1480,1153
2017,064,157,148,32.1,5,1.108,720,1011,69,758,1731,2104,4465,1.5,0.033,373,30,0.000,0.000,0.000,0.000,0.000,0.000,0.000,4.01,18.43,0.18,0,373,153.9,0.25,0.53,0.0,1.80,81,1.75,1.71,1.06,0.77,0.56,0.34,0.17,0.08,0.04,1499,1163
2017,065,158,149,32.1,5,1.099,714,1007,32,750,1721,1721,4818,0.7,0.019,0,32,0.000,0.000,0.000,0.000,0.000,0.000,0.000,3.99,0.00,0.00,0,0,153.9,0.25,0.53,0.0,1.80,80,1.73,1.69,1.05,0.76,0.56,0.34,0.17,0.08,0.04,1513,1172
2017,066,159,150,32.1,5,1.090,708,1004,43,743,1712,1837,3593,1.2,0.024,125,24,0.000,0.000,0.000,0.000,0.000,0.000,0.000,3.98,34.73,0.07,0,125,153.9,0.25,0.53,0.0,1.80,79,1.72,1.68,1.04,0.76,0.55,0.34,0.17,0.08,0.04,1526,1181
2017,067,160,151,32.1,5,1.080,701,1000,57,735,1702,1946,4186,1.4,0.029,244,28,0.000,0.000,0.000,0.000,0.000,0.000,0.000,3.97,23.43,0.13,0,244,154.0,0.25,0.53,0.0,1.80,78,1.70,1.66,1.03,0.75,0.55,0.33,0.17,0.08,0.04,1542,1190
2017,068,161,152,32.1,5,1.071,696,997,40,727,1693,1693,4919,0.8,0.024,0,33,0.000,0.000,0.000,0.000,0.000,0.000,0.000,3.96,0.00,0.00,0,0,154.0,0.25,0.53,0.0,1.80,78,1.68,1.64,1.02,0.74,0.54,0.33,0.17,0.08,0.04,1558,1199
2017,069,162,153,32.1,5,1.061,689,994,55,719,1683,1823,4443,1.2,0.030,140,30,0.000,0.000,0.000,0.000,0.000,0.000,0.000,3.94,39.52,0.08,0,140,154.0,0.25,0.53,0.0,1.80,77,1.67,1.62,1.00,0.73,0.54,0.33,0.16,0.08,0.04,1575,1209
2017,070,163,154,32.1,5,1.053,684,991,72,712,1675,1954,5093,1.4,0.037,279,34,0.000,0.000,0.000,0.000,0.000,0.000,0.000,3.93,25.85,0.14,0,279,153.9,0.25,0.53,0.0,1.80,76,1.65,1.61,1.00,0.73,0.53,0.33,0.16,0.08,0.04,1590,1218
2017,071,164,155,32.1,5,1.042,677,987,93,703,1664,2034,5660,1.7,0.046,371,38,0.000,0.000,0.000,0.000,0.000,0.000,0.000,3.91,25.21,0.18,0,371,154.0,0.25,0.53,0.0,1.80,75,1.63,1.59,0.98,0.72,0.52,0.32,0.16,0.07,0.03,1601,1228
2017,072,165,156,32.1,5,1.031,669,982,50,694,1651,1651,5660,0.9,0.030,0,38,0.000,0.000,0.000,0.000,0.000,0.000,0.000,3.90,0.00,0.00,0,0,154.2,0.25,0.53,0.0,1.80,74,1.61,1.57,0.97,0.71,0.52,0.32,0.16,0.07,0.03,1611,1238
2017,073,166,157,32.1,5,1.031,671,987,60,694,1658,1771,4051,1.5,0.034,113,27,0.000,0.000,0.000,0.000,0.000,0.000,0.000,3.88,52.85,0.06,0,113,153.6,0.25,0.53,0.0,1.80,74,1.61,1.57,0.97,0.71,0.52,0.32,0.16,0.07,0.03,1625,1246
2017,074,167,158,32.1,5,1.052,703,1022,65,722,1725,1884,4051,1.6,0.035,158,27,0.000,0.000,0.000,0.000,0.000,0.000,0.000,3.90,41.19,0.08,0,158,149.7,0.25,0.53,0.0,1.80,77,1.66,1.62,1.01,0.73,0.54,0.33,0.17,0.08,0.04,1629,1251
2017,075,168,159,32.1,5,1.071,728,1050,42,744,1778,1778,4606,0.9,0.023,0,31,0.000,0.000,0.000,0.000,0.000,0.000,0.000,3.91,0.00,0.00,0,0,147.2,0.25,0.53,0.0,1.80,79,1.70,1.67,1.03,0.75,0.55,0.34,0.17,0.08,0.04,1637,1255
2017,076,169,160,32.1,5,1.092,753,1077,49,764,1830,1899,3543,1.4,0.026,69,24,0.000,0.000,0.000,0.000,0.000,0.000,0.000,3.91,71.61,0.04,0,69,145.1,0.25,0.53,0.0,1.80,81,1.74,1.71,1.06,0.77,0.57,0.35,0.18,0.08,0.04,1643,1262
2017,077,170,161,32.1,5,1.110,774,1102,59,782,1876,2024,4009,1.5,0.029,148,27,0.000,0.000,0.000,0.000,0.000,0.000,0.000,3.91,40.06,0.07,0,148,143.4,0.25,0.53,0.0,1.80,83,1.78,1.74,1.08,0.79,0.58,0.36,0.18,0.09,0.04,1657,1270
